ABV,Min IBU,Max IBU,Astringency,Body,Alcohol,Bitter,Sweet,Sour,Salty,Fruits,Hoppy,Spices,Malty,popular
7.2,25,50,12,57,18,33,55,16,0,24,35,12,84,1
5.0,25,50,14,37,6,42,43,11,0,10,54,4,62,0
7.2,25,50,25,51,26,44,45,9,1,11,51,20,95,0
5.0,25,50,18,49,5,37,73,22,0,21,37,4,98,0
5.1,25,50,35,31,5,35,50,55,5,52,66,8,77,0
5.1,25,50,10,19,1,21,30,11,4,8,24,2,65,1
5.6,25,50,7,30,5,43,43,13,1,13,50,6,93,0
8.5,25,50,14,55,31,48,105,31,0,37,59,19,115,0
5.5,25,50,11,58,6,47,49,5,1,3,50,5,110,0
4.9,25,50,17,41,1,55,43,18,1,20,80,7,103,0
4.5,25,50,19,42,13,54,62,19,0,25,64,10,135,0
5.0,25,50,21,43,3,54,54,7,0,10,60,9,111,1
4.8,25,50,19,43,5,39,43,13,1,6,45,8,97,0
5.5,25,50,37,50,16,60,84,32,0,46,83,19,121,1
4.9,25,50,21,27,5,37,33,13,0,13,45,10,70,0
5.0,25,50,24,36,9,59,55,20,2,18,80,7,132,0
5.25,25,50,11,67,5,35,86,21,0,28,54,4,138,1
6.0,25,50,17,57,14,96,106,23,0,42,122,11,130,0
7.25,25,50,5,48,6,54,66,11,0,16,52,9,109,0
5.2,25,50,27,39,18,47,52,28,4,24,59,6,100,1
4.7,25,50,29,30,9,72,77,20,0,20,104,10,141,0
5.0,25,50,26,37,14,65,57,33,0,33,107,3,98,0
8.5,25,50,32,64,28,47,135,49,2,65,55,15,182,1
7.5,25,50,18,55,50,51,87,22,0,39,47,6,96,0
6.6,25,50,21,39,7,40,62,34,0,47,65,5,80,1
6.3,25,50,27,61,11,56,61,46,0,40,77,14,110,1
15.0,60,100,20,55,82,56,170,30,0,107,43,13,62,0
11.0,60,100,9,49,45,78,83,36,1,52,97,12,117,0
10.9,60,100,14,49,44,47,74,28,0,43,68,17,89,1
9.3,60,100,17,74,41,66,143,38,1,78,72,11,130,1
11.5,60,100,13,51,35,88,80,41,0,65,86,14,83,0
11.5,60,100,14,55,34,66,102,36,1,53,82,22,98,1
12.8,60,100,6,39,56,25,101,23,5,45,48,21,134,1
11.1,60,100,12,62,66,38,52,20,0,32,42,22,103,0
10.2,60,100,23,54,61,70,125,33,0,54,62,22,119,0
10.9,60,100,12,44,35,70,74,39,1,45,81,17,99,0
10.0,60,100,8,34,33,29,70,28,0,41,35,4,67,0
14.0,60,100,8,47,36,14,81,14,0,35,10,10,76,1
11.5,60,100,11,68,37,80,109,67,0,83,96,5,87,0
11.5,60,100,10,69,31,66,124,43,1,60,77,10,108,1
11.6,60,100,11,75,43,89,89,46,0,54,106,17,97,0
11.4,60,100,12,71,61,57,98,48,1,59,59,14,89,0
12.5,60,100,13,58,66,38,86,36,0,61,42,35,92,1
10.0,60,100,18,70,43,85,92,26,1,53,95,15,113,0
10.0,60,100,15,73,45,78,125,80,2,122,117,9,103,0
12.0,60,100,14,50,58,67,137,71,0,110,79,12,114,0
10.0,60,100,13,41,40,61,85,38,0,47,61,4,104,0
10.0,60,100,14,66,38,61,107,39,0,64,69,6,119,0
9.5,60,100,25,55,39,90,116,56,3,88,105,4,102,0
9.5,60,100,15,72,50,79,103,42,0,53,69,27,107,0
10.5,60,100,7,62,45,56,127,39,1,49,62,4,108,1
13.3,40,60,7,56,55,19,103,27,0,68,19,27,88,0
11.1,40,60,2,44,47,29,138,26,0,62,31,15,97,0
14.0,40,60,10,66,86,37,156,34,1,77,12,27,168,1
12.0,40,60,10,45,49,16,67,13,0,35,9,32,101,1
11.0,40,60,18,56,19,32,119,28,0,77,29,18,104,1
13.2,40,60,10,72,69,28,123,23,0,49,23,24,141,1
10.0,40,60,4,62,64,13,123,31,0,46,7,18,96,1
7.2,40,60,9,53,20,27,80,22,2,45,29,5,114,0
10.14,40,60,7,83,62,58,186,52,0,105,40,17,170,0
12.5,40,60,4,51,71,10,96,17,0,34,11,66,95,1
15.2,40,60,11,55,39,36,144,45,0,88,30,6,70,0
11.2,40,60,2,62,63,57,145,54,0,80,68,17,125,0
9.5,40,60,11,77,90,35,134,28,0,78,44,51,143,1
8.5,40,60,9,48,54,37,101,35,0,59,39,4,111,0
13.0,40,60,7,57,46,29,122,26,2,74,30,16,130,1
9.0,40,60,11,51,23,29,114,33,6,53,36,4,91,0
5.9,20,40,15,59,16,41,63,23,0,37,57,10,67,1
6.7,20,40,18,26,11,74,21,23,0,26,105,9,52,1
5.0,20,40,9,42,5,30,63,16,3,19,51,7,92,0
6.0,20,40,13,55,11,59,54,20,1,18,75,20,90,0
5.5,20,40,21,43,15,45,53,17,0,16,73,7,95,0
5.7,20,40,21,59,8,61,70,35,1,32,86,12,126,0
5.4,20,40,10,34,11,44,52,25,1,36,56,6,79,0
5.2,20,40,14,31,7,54,41,27,0,26,77,2,84,0
5.3,20,40,31,59,10,112,62,54,0,53,130,8,99,0
8.0,20,40,26,60,22,102,47,45,0,43,134,12,62,0
5.9,20,40,24,63,10,105,74,34,1,37,140,12,126,1
5.5,20,40,20,56,12,52,75,38,0,27,66,3,109,0
5.3,20,40,20,46,8,73,27,20,0,16,97,7,85,1
6.5,20,40,23,40,21,58,96,33,0,42,74,13,106,1
4.8,20,40,18,62,10,62,95,36,0,42,76,14,94,0
7.5,20,40,11,89,27,111,86,32,0,40,115,13,169,0
4.5,20,40,16,46,18,65,52,33,0,25,69,6,72,0
6.5,20,40,9,48,11,97,55,49,0,65,129,6,89,1
4.3,20,35,14,35,3,53,66,28,1,32,58,1,79,1
4.7,20,35,21,49,9,58,67,32,0,33,101,6,108,1
4.2,20,35,29,43,15,62,52,47,2,38,101,23,81,1
4.8,20,35,20,69,14,74,44,24,0,20,84,13,89,1
4.7,20,35,15,60,9,65,49,20,0,24,93,14,97,0
5.0,20,35,20,39,8,37,31,30,1,19,43,2,56,0
4.0,20,35,12,83,5,58,44,24,1,25,85,32,88,1
4.2,20,35,17,40,6,54,48,35,0,23,65,17,88,0
4.1,20,35,14,41,6,67,48,44,3,72,85,11,69,0
5.0,20,35,37,35,3,66,18,26,0,18,85,9,36,0
3.5,20,35,7,73,14,33,63,17,2,18,49,4,99,0
4.1,20,35,18,49,15,94,97,49,2,55,127,9,85,0
6.0,20,35,9,59,20,37,60,13,0,18,45,19,80,0
3.4,20,35,18,52,5,73,34,19,0,17,85,11,74,0
4.2,20,35,12,41,19,49,47,27,0,24,77,9,74,0
5.0,20,35,27,50,7,58,62,34,3,30,96,8,116,1
4.5,20,35,19,38,8,70,55,72,0,81,112,7,55,0
3.6,20,35,14,96,10,40,62,21,1,20,55,2,74,0
4.0,20,35,15,40,8,79,60,31,4,29,105,4,117,1
4.5,20,35,14,85,10,74,32,31,0,30,91,37,82,0
5.5,20,35,14,56,5,61,43,38,3,41,78,8,82,0
4.2,20,35,13,36,10,53,58,43,2,41,81,7,81,0
4.4,20,35,31,51,2,64,55,73,0,66,82,6,69,0
4.3,20,35,34,49,13,88,41,59,2,60,112,12,64,0
3.8,20,35,25,57,8,67,15,33,0,29,85,21,23,1
3.5,20,35,9,31,8,44,13,24,3,26,61,9,53,0
4.0,20,35,16,49,13,60,62,22,0,16,66,12,89,0
4.8,20,35,13,47,7,54,40,28,0,29,64,14,64,1
4.2,20,35,24,58,11,52,77,37,2,31,91,9,109,0
4.8,20,35,18,44,6,86,39,59,1,70,120,14,59,0
4.1,20,35,18,60,10,95,63,42,0,39,109,13,90,0
11.5,10,35,15,25,24,7,54,39,0,53,35,34,19,1
9.0,10,35,37,27,10,39,86,119,2,111,47,8,22,1
12.0,10,35,29,45,29,16,91,65,6,79,35,13,47,1
12.0,10,35,20,78,40,17,124,49,0,95,21,16,70,1
8.0,10,35,35,31,35,21,104,49,0,62,30,9,72,0
11.5,10,35,21,48,43,18,109,65,4,67,20,28,62,0
11.5,10,35,2,3,4,1,4,1,0,5,1,0,3,1
5.2,15,25,30,19,2,61,17,41,2,48,88,3,38,0
5.0,15,25,13,38,7,54,39,38,0,40,81,2,50,1
4.4,15,25,9,25,7,31,35,27,2,35,49,0,34,0
5.1,15,25,28,34,8,29,31,25,1,19,49,5,54,0
5.1,15,25,14,17,10,24,26,21,8,26,39,10,36,0
5.1,15,25,36,31,6,43,47,58,3,50,71,4,107,0
5.25,15,25,29,41,10,28,27,26,5,30,41,6,67,0
4.6,15,25,12,17,6,28,27,35,4,33,41,14,46,0
5.3,15,25,27,38,6,31,57,42,1,42,44,7,84,0
5.1,15,25,24,26,7,43,38,32,1,37,70,7,68,0
4.5,15,25,27,38,4,51,27,43,0,36,80,8,49,1
4.2,15,25,23,44,9,55,41,54,5,74,97,5,67,1
4.5,15,25,22,31,7,34,33,27,3,31,53,3,61,0
4.7,15,25,19,46,18,36,78,24,6,27,73,28,120,0
4.85,15,25,18,41,4,33,27,16,2,14,64,3,51,0
5.0,15,25,19,31,6,33,30,25,0,18,39,2,43,0
4.8,15,25,26,32,19,32,45,35,4,41,50,4,92,0
5.0,15,25,28,35,16,102,30,64,5,76,148,9,62,1
5.0,15,25,25,30,6,27,32,24,3,24,39,0,66,0
5.1,15,25,21,21,9,29,18,5,1,5,44,4,50,0
6.6,15,30,14,23,12,13,34,11,0,28,16,22,32,0
6.8,15,30,19,28,12,20,47,36,0,38,25,17,41,0
6.7,15,30,11,31,16,19,63,57,2,45,22,25,45,0
6.0,15,30,13,38,12,24,66,41,0,54,45,16,66,0
8.0,15,30,17,37,26,24,92,76,3,96,61,24,61,1
6.5,15,30,23,53,28,28,61,45,0,52,36,25,45,0
7.5,15,30,22,31,28,20,71,40,3,64,28,29,42,0
7.0,15,30,16,29,21,20,50,30,0,42,32,15,42,0
7.5,15,30,29,38,20,39,78,65,0,77,63,32,35,0
5.5,15,30,19,46,16,53,73,69,1,57,85,35,67,0
8.0,15,30,31,52,24,23,79,103,0,85,63,48,71,0
5.5,15,30,21,27,9,19,41,49,1,60,39,25,40,0
6.5,15,30,23,47,15,24,62,47,5,56,54,24,62,0
6.5,15,30,18,38,21,28,81,64,0,66,49,35,66,0
6.3,15,30,17,25,15,33,76,44,3,49,55,30,65,0
6.3,15,30,27,35,20,27,54,54,4,54,33,34,57,0
6.5,15,30,22,34,10,37,89,76,1,71,52,26,72,0
6.0,15,30,11,34,14,21,31,82,0,79,43,15,22,0
6.0,15,30,21,42,20,24,64,54,0,50,41,16,39,0
6.5,15,30,12,11,6,9,13,16,0,11,12,2,7,0
6.0,15,30,20,24,10,21,28,34,0,30,29,14,30,0
6.0,15,30,22,44,7,28,60,46,0,45,38,28,31,0
6.1,15,30,14,27,9,21,51,41,3,57,44,19,28,0
6.5,15,30,10,18,4,13,27,21,0,21,20,8,16,0
7.6,17,27,9,43,16,23,93,15,1,42,21,9,111,0
7.1,17,27,7,71,20,31,100,21,1,55,31,7,140,1
11.0,17,27,10,44,65,26,107,25,2,43,21,9,78,0
8.2,17,27,12,69,47,26,115,51,2,52,30,5,119,0
7.8,17,27,7,72,31,32,118,30,0,52,28,11,158,1
6.9,17,27,6,67,22,30,102,11,1,42,18,9,148,1
7.6,17,27,8,70,11,30,100,28,0,43,30,22,135,1
9.6,17,27,8,54,49,15,97,18,0,25,19,4,75,0
8.5,17,27,10,106,31,33,121,27,0,72,27,21,144,1
7.2,17,27,8,46,18,35,112,22,0,54,29,7,105,0
7.8,17,27,7,77,58,31,109,39,0,46,36,10,123,0
8.5,17,27,9,49,42,50,89,17,0,34,39,17,104,0
7.2,17,27,15,87,37,58,152,42,0,72,47,8,172,1
7.0,17,27,9,57,17,35,69,11,0,20,23,8,116,0
8.6,17,27,11,77,38,34,154,37,0,87,28,19,129,1
10.5,17,27,6,55,31,21,58,9,1,17,16,5,78,0
10.5,17,27,10,43,35,29,136,26,0,54,23,7,76,0
7.85,17,27,6,42,27,24,83,23,0,37,25,15,83,0
8.5,17,27,19,82,25,32,130,31,0,61,27,26,130,1
7.3,17,27,16,52,15,29,85,30,0,37,22,10,107,0
8.0,17,27,11,82,26,37,95,32,0,46,26,24,132,1
11.5,25,35,14,79,63,18,105,41,0,106,9,39,114,1
11.5,25,35,9,49,46,23,150,45,1,82,10,8,110,1
18.0,25,35,15,59,79,15,171,49,0,77,13,10,119,1
9.4,25,35,12,58,46,23,124,33,1,54,28,10,92,0
13.0,25,35,2,15,15,4,36,17,0,27,2,7,16,0
11.9,25,35,1,5,8,8,21,4,0,8,6,0,8,0
12.0,25,35,3,7,14,2,31,9,0,16,0,6,17,1
10.5,25,35,0,12,6,5,13,3,0,7,3,2,20,1
8.5,25,35,0,0,0,0,0,0,0,0,0,0,0,0
6.8,20,38,10,47,10,49,99,24,0,42,55,19,113,1
8.0,20,38,12,30,27,29,58,18,0,18,42,5,65,0
6.5,20,38,16,36,9,40,64,10,0,14,57,14,131,0
7.2,20,38,22,34,27,43,56,9,1,14,56,13,94,0
6.0,20,38,23,26,11,24,88,7,2,13,46,2,117,0
6.4,20,38,12,51,73,36,84,31,2,30,41,25,94,0
6.25,20,38,31,44,19,52,66,11,3,11,75,17,115,0
14.0,20,38,10,47,62,8,123,17,1,40,14,14,86,0
6.1,20,38,39,36,15,42,52,7,1,13,46,10,91,0
6.2,20,38,9,53,11,35,65,15,0,12,53,9,92,1
6.5,20,38,15,54,16,65,90,29,1,44,86,12,136,1
6.5,20,38,25,53,27,40,105,34,1,41,57,15,108,0
6.0,20,38,36,59,14,39,71,20,0,23,68,17,107,0
6.8,20,38,26,42,27,42,58,32,3,37,63,11,114,0
7.5,20,38,20,24,21,49,37,30,0,29,58,12,65,0
6.5,20,38,15,32,16,16,65,20,0,20,17,9,62,0
7.5,20,38,15,42,29,62,62,22,2,24,82,12,78,0
7.0,20,38,21,50,21,35,67,18,1,21,58,8,97,1
6.5,20,38,19,54,19,37,38,26,0,23,63,9,87,0
6.8,20,38,17,42,25,44,77,27,5,41,72,11,111,0
8.0,20,38,12,50,36,53,100,47,1,70,73,13,109,0
6.5,20,38,23,57,15,30,94,48,1,49,43,11,116,1
6.5,20,38,9,37,11,41,46,18,1,17,64,5,87,0
8.0,20,38,19,34,38,28,54,25,1,23,42,3,89,0
7.0,20,38,29,42,19,49,63,13,0,14,71,15,128,1
6.0,20,38,27,48,11,54,29,33,0,22,68,9,62,1
4.4,20,30,10,26,5,26,21,5,1,6,25,2,63,0
6.7,20,30,11,39,9,27,72,24,0,29,34,0,115,0
6.0,20,30,19,61,3,47,54,8,0,13,36,24,102,1
7.5,20,30,11,41,22,20,88,25,0,39,31,13,100,0
7.0,20,30,15,58,17,35,77,22,0,39,38,21,106,0
5.9,20,30,15,30,8,21,57,7,0,11,26,7,70,0
6.1,20,30,21,60,21,23,95,23,2,37,33,6,152,1
6.0,20,30,29,136,16,75,114,9,1,6,51,5,199,0
5.1,20,30,7,55,7,10,89,10,0,7,15,3,114,0
6.0,20,30,9,54,11,34,85,18,0,29,45,9,115,0
5.5,20,30,7,67,8,39,80,17,1,17,26,8,105,0
6.5,20,30,10,41,20,23,86,18,0,33,23,11,113,0
8.0,20,30,13,41,20,23,97,36,0,46,26,13,81,0
6.9,20,30,12,40,20,31,92,33,3,41,37,6,91,0
6.5,20,30,9,74,7,44,59,5,0,4,26,8,84,0
7.8,20,30,8,55,23,25,114,29,0,54,31,6,95,0
6.5,20,30,5,49,14,34,81,15,0,21,25,3,76,0
6.6,20,30,8,53,19,19,86,17,0,21,18,4,101,0
6.1,20,30,9,31,10,33,65,33,0,36,37,4,74,0
7.3,20,30,8,62,23,57,63,10,0,11,38,4,91,0
8.7,15,35,7,31,24,13,67,36,0,72,9,33,62,0
8.7,15,35,4,32,10,35,52,43,0,61,46,9,68,0
7.3,15,35,16,52,27,10,103,33,0,63,8,30,86,0
9.5,15,35,16,90,41,25,104,36,0,68,19,53,136,1
7.3,15,35,23,53,23,43,102,70,0,112,70,33,77,1
8.5,15,35,22,69,25,20,87,29,0,62,25,29,111,0
7.5,15,35,23,64,37,21,88,42,0,99,43,34,118,1
7.5,15,35,28,90,44,33,123,49,0,95,24,38,178,0
6.5,15,35,34,46,22,53,47,84,0,113,85,49,68,1
11.0,15,35,8,63,60,19,181,59,0,119,16,40,108,0
8.0,15,35,17,59,32,14,80,32,0,63,12,30,94,0
10.9,15,35,15,65,49,47,96,30,0,69,53,27,150,0
7.0,15,35,15,54,22,9,62,38,0,76,9,44,78,1
8.0,15,35,6,45,20,24,60,18,0,27,14,12,57,0
7.9,15,35,11,69,28,16,81,22,0,77,14,56,89,0
7.2,15,35,9,58,19,18,71,35,0,50,20,57,49,0
7.9,15,35,19,58,34,22,66,49,0,61,20,30,76,0
6.5,15,35,13,47,24,24,83,10,1,26,18,12,80,0
8.0,15,35,15,37,47,19,48,41,0,62,28,46,57,0
7.2,15,35,14,41,22,11,115,79,0,90,10,28,87,0
7.8,15,35,10,15,11,24,21,31,0,40,30,11,21,1
7.5,15,35,7,15,9,5,13,6,0,14,6,11,32,1
7.0,15,35,12,42,44,19,100,39,0,68,25,38,78,0
8.0,15,35,3,17,10,3,31,8,0,15,3,8,21,0
8.0,20,40,16,40,20,16,123,61,2,58,8,73,97,1
9.8,20,40,27,32,32,14,141,114,0,102,26,107,70,0
10.1,20,40,6,70,37,9,169,18,0,22,14,120,119,0
4.2,20,40,15,20,12,12,68,20,0,13,20,11,49,0
9.0,20,40,22,39,37,8,180,81,1,86,15,20,70,0
10.0,20,40,8,30,32,10,95,24,3,32,21,18,57,0
8.0,20,40,4,8,7,4,21,2,0,4,6,6,16,1
7.85,20,40,2,29,9,29,56,3,0,7,16,5,56,0
5.0,20,40,3,5,2,2,25,6,0,3,3,11,16,0
7.0,20,40,0,0,0,3,7,0,0,0,3,1,4,0
4.0,20,40,0,0,3,0,7,3,0,3,0,0,4,0
4.8,0,0,29,33,5,10,36,133,6,80,16,9,20,1
6.7,0,0,31,42,15,83,43,133,0,66,104,14,27,0
6.5,0,0,34,33,12,44,38,44,2,51,76,32,23,1
7.2,25,45,10,42,18,82,53,13,0,15,71,6,93,1
12.0,25,45,13,52,29,34,65,9,1,24,14,27,88,0
5.6,25,45,6,66,9,32,77,8,0,21,27,14,157,1
5.1,25,45,9,52,4,49,57,5,0,7,36,10,101,0
5.5,25,45,28,87,9,139,66,16,0,10,64,15,207,1
7.85,25,45,8,72,15,92,70,33,0,30,95,3,124,0
5.5,25,45,10,48,8,40,48,3,0,5,31,9,98,0
5.5,25,45,10,75,12,62,71,6,0,8,47,11,155,1
5.5,25,45,8,43,7,25,43,4,0,61,23,3,80,0
4.5,25,45,7,53,5,12,99,1,0,1,11,3,130,0
6.0,25,45,9,59,46,18,60,0,0,5,16,19,128,0
6.0,25,45,21,49,7,61,60,29,0,42,64,0,82,0
6.0,25,45,14,68,5,66,58,16,0,19,67,7,133,0
4.9,25,45,12,52,1,29,56,4,2,5,25,8,127,0
9.0,25,45,12,60,40,60,131,16,0,25,44,4,167,0
6.1,25,45,8,57,7,29,76,6,0,9,23,3,103,0
6.8,25,45,17,74,15,98,48,31,2,30,122,17,118,0
6.0,25,45,17,66,6,59,56,10,0,12,80,4,113,0
6.5,15,25,11,57,21,26,98,18,0,41,24,31,125,0
6.2,15,25,15,45,25,18,89,61,0,76,22,66,58,0
7.2,15,25,16,44,25,24,82,43,0,55,28,31,67,0
6.5,15,25,36,58,23,20,75,66,0,50,25,64,63,0
6.1,15,25,7,85,8,38,91,35,0,40,35,25,97,1
7.3,15,25,23,60,27,31,121,54,0,73,33,52,63,1
8.2,15,25,7,35,45,18,87,32,0,40,16,4,76,0
6.0,15,25,42,50,13,28,89,57,2,60,41,19,68,1
5.5,15,25,12,65,16,33,116,34,0,57,36,12,80,0
7.0,15,25,14,31,24,12,53,30,0,51,15,80,76,0
6.3,15,25,19,50,21,20,62,30,0,38,21,27,103,0
6.5,15,25,5,45,24,15,100,31,0,40,15,43,51,0
6.5,15,25,9,35,5,18,82,25,0,46,10,5,52,0
5.8,15,25,19,55,12,17,59,62,1,54,27,63,81,0
6.6,15,25,6,29,23,18,66,28,0,29,14,45,52,0
0.0,15,25,6,37,46,6,49,11,0,20,11,26,77,1
6.5,15,25,12,55,12,17,100,29,0,43,29,17,94,0
8.7,15,25,3,12,5,4,19,8,0,9,3,7,12,1
6.6,15,25,12,26,12,11,49,18,0,18,13,24,48,0
0.0,15,25,3,22,3,14,18,4,0,4,12,7,46,0
6.5,15,25,12,54,6,19,94,29,0,58,16,10,48,0
6.4,15,25,2,7,6,6,16,7,1,7,7,3,18,1
5.6,15,25,10,53,5,49,75,8,0,20,34,11,118,0
4.5,15,25,10,42,6,24,69,9,0,15,33,6,149,0
5.8,15,25,12,53,12,44,77,19,1,24,57,9,148,0
5.0,15,25,4,36,2,15,48,7,0,11,13,1,78,0
5.6,15,25,14,38,9,23,70,11,0,23,16,22,86,0
4.4,15,25,10,31,7,35,86,2,0,3,34,6,120,0
5.3,15,25,8,48,7,57,50,5,1,7,47,1,114,0
6.0,15,25,19,34,6,34,42,9,0,5,30,0,84,0
5.4,15,25,20,72,14,50,78,7,0,9,32,7,133,0
5.4,15,25,8,62,18,53,62,4,0,6,35,15,168,0
4.3,15,25,12,55,12,46,66,13,0,10,53,4,130,0
6.5,15,25,8,45,6,36,70,15,1,15,31,4,112,0
6.7,15,25,17,83,13,64,90,9,0,6,54,11,154,0
5.2,15,25,23,49,10,35,54,4,1,4,45,2,127,0
6.0,15,25,9,30,4,15,97,8,0,6,30,2,135,0
5.15,15,25,10,62,11,41,74,9,0,12,39,2,142,0
5.0,15,25,7,43,5,22,65,11,0,7,26,3,96,0
6.8,15,25,13,100,9,28,98,17,0,27,25,5,133,0
5.4,15,25,15,62,10,50,79,20,1,33,45,9,127,0
5.8,15,25,14,65,10,57,93,13,0,13,57,16,145,0
4.8,15,25,12,51,13,27,78,9,3,15,36,3,164,0
5.3,15,25,12,84,9,29,68,19,0,18,33,7,133,0
4.9,35,45,31,35,13,41,60,42,3,41,58,11,77,1
5.5,35,45,39,70,5,43,46,58,13,45,75,7,126,1
5.3,35,45,23,53,12,133,49,18,2,11,26,7,173,0
5.3,35,45,30,56,28,44,77,50,6,46,73,16,148,0
5.5,35,45,27,40,7,47,46,13,1,14,68,2,92,0
5.7,35,45,17,20,4,55,12,33,0,34,77,2,39,0
6.0,35,45,18,40,7,45,52,49,2,53,76,8,79,0
5.0,35,45,15,48,3,71,47,41,2,45,96,6,97,0
4.5,35,45,29,32,8,32,41,54,0,53,43,8,42,0
5.6,35,45,13,27,8,28,26,28,0,24,43,4,35,1
5.0,35,45,2,37,8,28,27,22,0,19,40,4,35,0
6.0,35,45,8,29,4,33,41,14,3,22,54,3,75,1
5.8,35,45,9,18,6,24,26,15,1,9,34,1,43,0
5.5,35,45,9,14,1,16,11,10,1,10,33,3,12,1
6.7,35,45,7,2,2,11,5,5,0,6,12,1,8,1
9.0,0,0,7,70,21,35,74,31,0,27,9,59,84,0
5.4,0,0,13,30,25,32,21,7,0,7,40,170,47,0
5.0,0,0,6,17,26,26,10,6,0,2,11,96,20,0
6.4,0,0,5,44,24,26,66,8,2,15,13,87,74,0
5.0,0,0,13,22,37,11,23,15,0,14,9,184,22,0
4.5,0,0,36,33,43,12,44,140,1,83,31,105,30,0
4.81,0,0,4,11,24,9,7,4,0,3,11,90,24,0
7.2,0,0,6,40,28,10,33,14,0,13,11,153,42,0
4.2,0,0,13,33,24,9,16,5,1,5,9,136,30,0
5.5,0,0,13,11,17,9,16,9,5,9,16,50,26,1
6.5,0,0,12,16,15,18,16,10,0,4,17,46,15,0
6.0,0,0,10,22,32,13,12,25,0,20,4,169,30,0
5.25,0,0,17,36,33,14,18,9,1,9,9,158,31,0
5.25,0,0,3,91,16,29,59,2,0,2,10,88,95,0
5.4,0,0,8,15,10,2,8,4,1,4,6,76,7,0
5.25,0,0,1,8,12,7,3,4,0,3,1,42,7,0
5.4,0,0,1,8,10,10,9,4,0,6,3,96,12,0
5.25,0,0,8,16,10,4,4,4,0,3,3,63,7,0
4.8,0,0,2,9,12,5,0,1,1,1,5,27,8,1
4.8,10,22,13,51,7,9,27,29,0,27,21,7,37,0
5.1,10,22,14,63,4,17,32,19,0,11,20,3,31,0
5.0,10,22,9,103,9,21,64,28,4,31,50,10,107,0
5.3,10,22,18,48,6,22,31,17,0,16,35,2,69,0
5.5,10,22,19,40,4,11,17,14,0,6,13,3,18,0
4.3,10,22,30,50,6,32,15,17,0,13,41,2,50,0
5.4,10,22,25,68,6,26,32,22,1,15,40,5,65,1
5.0,10,22,22,51,7,20,27,15,0,10,25,2,48,0
4.9,10,22,21,66,7,45,57,23,3,23,67,3,96,0
4.5,10,22,12,57,10,17,24,16,4,15,33,68,53,0
5.5,10,22,9,56,3,24,16,13,0,11,30,1,46,0
5.9,10,22,23,42,9,21,57,19,3,17,33,9,76,0
5.5,10,22,10,96,14,37,53,15,0,17,41,12,118,0
4.6,10,22,27,56,6,43,38,14,1,27,55,3,44,0
6.2,10,22,23,49,4,6,103,146,1,122,7,5,31,0
5.0,10,22,15,65,4,17,56,16,2,13,23,1,71,0
5.8,10,22,17,86,4,30,27,12,3,12,32,2,58,0
5.0,10,22,9,61,3,24,141,10,0,7,26,5,137,0
8.0,15,30,12,29,16,10,56,23,0,46,12,27,59,1
7.0,15,30,24,47,39,23,113,49,0,89,33,31,92,1
7.5,15,30,15,50,17,25,114,36,0,83,32,24,82,1
7.5,15,30,23,40,15,31,107,43,0,67,22,20,102,0
6.5,15,30,9,42,11,20,100,31,0,52,16,10,66,0
7.0,15,30,6,52,18,17,120,30,0,70,21,27,83,0
8.0,15,30,17,36,29,20,97,44,0,70,19,24,53,1
6.8,15,30,9,30,12,17,60,29,0,38,14,17,39,0
8.0,15,30,4,39,12,12,82,43,0,54,16,39,78,0
9.0,15,30,11,58,43,33,145,50,1,90,42,40,104,0
8.5,15,30,10,57,32,22,124,41,2,73,21,18,85,0
8.5,15,30,8,40,31,6,108,79,0,104,29,34,67,0
6.75,15,30,11,47,10,27,79,23,0,36,32,27,58,1
6.9,15,30,13,53,24,16,108,38,1,82,28,16,82,0
7.5,15,30,14,39,15,28,108,42,0,58,33,21,79,0
6.0,15,30,14,46,26,18,129,72,0,96,24,21,74,0
6.9,15,30,13,48,25,18,97,29,0,53,20,9,76,0
8.0,15,30,20,65,32,13,95,66,0,67,25,30,97,0
8.0,15,30,10,29,14,17,96,25,0,63,24,21,66,0
8.0,15,30,11,50,26,20,105,41,0,64,25,24,81,0
8.0,15,30,22,49,39,27,119,34,0,62,30,37,73,0
7.7,15,30,5,54,24,23,136,37,1,70,20,49,68,0
6.9,15,30,8,55,31,16,133,36,0,81,32,22,80,0
6.5,15,30,16,40,16,29,70,45,0,52,39,29,71,0
8.0,20,30,25,31,12,9,55,143,0,101,20,35,15,1
6.2,20,30,13,34,7,29,53,17,0,18,47,12,69,0
12.0,20,30,21,32,57,39,77,63,3,60,61,25,50,0
7.0,20,30,25,37,22,28,68,73,3,66,49,27,69,0
6.1,20,30,19,30,4,7,45,131,0,68,11,25,27,1
7.0,20,30,39,28,12,9,75,172,0,90,15,8,31,1
6.1,20,30,23,33,16,20,56,62,0,54,43,20,58,1
6.5,20,30,45,37,16,27,77,156,2,102,64,33,49,0
6.5,20,30,23,36,14,17,103,69,3,71,36,36,105,1
7.5,20,30,16,47,18,29,121,37,0,47,34,15,100,0
6.4,20,30,36,41,26,19,101,62,2,63,40,15,88,1
6.55,20,30,8,48,21,33,80,58,0,62,43,12,65,1
6.5,20,30,25,31,15,27,121,56,0,58,73,34,100,1
7.0,20,30,39,52,24,29,80,61,2,62,68,18,83,1
6.8,20,30,20,45,21,43,104,72,0,88,56,13,68,0
8.5,20,30,13,39,19,14,83,41,0,44,32,17,71,0
7.5,20,30,30,39,13,15,80,204,1,133,23,25,19,1
7.2,20,30,18,59,30,35,93,59,0,66,53,24,74,0
5.9,20,30,24,54,18,36,96,61,1,54,53,10,80,0
8.0,20,30,20,40,37,27,120,58,2,65,34,24,100,0
5.5,20,30,7,19,5,7,16,15,0,10,14,31,38,0
6.4,20,30,22,38,21,36,70,57,3,54,51,9,60,0
7.0,20,30,16,51,15,13,121,41,0,59,23,39,83,0
6.8,20,30,14,36,12,22,86,42,0,54,34,31,64,0
6.6,20,30,25,43,22,19,92,59,0,67,35,40,82,1
7.5,20,30,23,43,29,16,99,94,0,76,33,27,49,0
7.0,20,30,23,52,17,13,111,78,5,99,27,30,96,0
5.4,20,30,25,32,10,41,92,59,0,55,61,15,72,0
9.0,0,0,5,35,26,16,60,28,0,38,68,78,43,0
7.3,0,0,9,56,30,38,122,37,0,55,58,29,144,0
7.0,0,0,16,46,19,11,71,59,2,44,33,23,48,0
7.5,0,0,41,41,20,13,62,113,3,72,41,19,31,0
8.0,0,0,7,18,9,12,61,20,0,25,17,6,19,0
5.4,0,0,0,0,0,0,0,0,0,0,0,0,0,0
4.5,0,0,0,0,0,0,0,0,0,0,0,0,0,0
10.0,0,0,0,0,1,0,6,2,0,4,0,1,4,1
7.0,0,0,0,0,0,0,0,0,0,0,0,0,0,1
6.5,20,38,24,29,18,20,31,102,0,90,32,39,29,1
6.5,20,38,30,39,12,25,22,55,3,44,47,23,19,1
6.0,20,38,48,35,14,29,59,172,6,123,51,27,30,1
8.0,20,38,28,41,14,18,66,113,1,103,27,46,32,1
6.4,20,38,46,30,3,19,67,110,1,76,55,17,56,1
6.8,20,38,26,32,12,22,15,29,0,21,146,35,26,0
8.0,20,38,34,33,9,11,55,130,0,97,30,36,8,1
9.5,20,38,18,35,46,25,56,70,0,76,46,62,65,1
7.5,20,38,23,30,14,49,41,78,2,75,82,50,45,1
4.5,20,38,37,24,5,17,55,170,3,132,40,21,25,0
7.9,20,38,19,33,11,18,68,101,3,96,26,50,28,0
6.6,20,38,38,37,4,31,47,76,0,80,115,20,42,1
7.4,20,38,19,64,12,27,66,79,6,92,68,71,64,0
6.7,20,38,15,19,12,20,39,81,1,74,33,57,24,1
6.8,20,38,37,46,6,39,65,85,3,86,75,36,54,1
4.3,20,38,29,42,10,9,48,139,0,67,19,17,40,0
6.5,20,38,21,38,7,25,65,75,1,88,63,40,51,0
8.2,20,38,31,39,13,37,55,90,2,80,53,42,50,1
8.0,20,38,59,38,20,69,68,156,1,103,95,41,32,1
7.5,20,38,23,40,12,25,102,81,4,84,40,41,52,1
5.1,5,45,22,23,1,31,73,38,0,74,50,2,28,0
4.0,5,45,25,32,14,7,193,90,0,137,11,4,16,1
4.0,5,45,22,34,8,9,81,67,0,137,16,6,32,1
4.2,5,45,11,30,3,11,90,49,1,77,19,1,59,0
4.9,5,45,31,27,9,17,66,49,5,100,37,17,63,0
5.5,5,45,18,31,7,4,134,120,1,140,18,15,33,0
10.0,5,45,6,37,31,17,101,22,1,49,17,64,63,0
10.0,5,45,12,28,19,6,170,76,2,147,5,19,21,0
4.01,5,45,14,19,6,21,28,80,0,79,19,27,31,0
6.0,5,45,3,18,5,4,52,35,0,55,3,0,36,0
18.0,5,45,10,27,74,9,139,41,0,89,7,5,21,0
2.25,5,45,23,18,9,16,55,87,0,96,10,3,14,0
5.5,5,45,11,27,11,13,30,61,0,105,14,0,33,0
5.0,5,45,43,14,8,17,21,41,3,36,21,11,13,1
4.9,5,45,13,20,11,7,99,31,0,88,13,2,56,0
4.8,5,45,19,28,10,3,122,54,1,119,10,2,33,0
6.0,5,45,15,20,6,8,28,26,0,92,10,3,32,0
4.0,5,45,13,13,7,7,73,28,0,61,9,3,44,0
8.0,5,45,8,27,17,7,108,51,1,115,28,5,28,0
5.2,5,45,12,27,8,28,46,86,0,86,35,5,30,0
5.0,0,0,23,27,9,18,58,20,0,16,98,30,55,0
7.5,0,0,13,46,30,26,77,33,0,44,110,12,51,0
6.5,0,0,22,63,17,42,95,47,0,92,73,17,96,0
4.4,0,0,15,79,7,27,57,10,24,14,28,7,105,0
8.0,0,0,21,57,30,42,71,75,1,81,131,66,36,1
5.5,0,0,15,61,8,50,45,10,0,13,85,25,76,0
5.8,0,0,4,23,9,12,24,16,0,24,74,35,20,1
4.5,0,0,9,23,2,33,36,9,0,10,58,18,41,0
5.5,0,0,1,7,3,6,4,3,0,0,16,9,4,0
5.3,0,0,3,7,3,7,1,8,2,10,35,5,9,0
5.0,0,0,1,4,1,2,3,1,0,1,17,1,11,0
4.8,0,0,4,14,4,7,13,8,0,5,28,12,11,0
5.2,0,0,6,8,1,1,4,15,0,5,8,4,3,1
5.5,0,0,24,44,10,18,38,16,2,14,23,0,85,0
5.5,0,0,13,16,5,11,16,1,0,0,11,0,38,0
4.5,0,0,2,9,3,4,7,6,0,5,7,1,22,0
5.0,0,0,7,7,2,2,2,6,0,3,4,2,11,0
5.5,0,0,3,7,1,9,8,1,0,1,10,0,10,0
5.0,0,0,4,10,7,6,17,13,0,9,9,1,15,0
6.0,0,0,3,17,7,8,25,5,1,5,9,1,35,0
5.5,0,0,0,4,2,3,3,3,0,4,4,1,3,0
6.0,0,0,8,14,1,8,9,4,0,2,12,0,18,0
5.0,0,0,6,7,3,13,8,6,0,6,14,5,7,1
5.5,0,0,0,2,1,4,3,0,0,1,4,0,4,0
5.0,0,0,0,2,1,1,3,0,0,0,2,0,5,0
5.5,0,0,1,3,0,1,0,0,0,0,1,0,2,0
5.0,0,0,3,6,2,2,10,3,1,1,2,0,4,0
5.0,0,0,3,4,2,4,1,1,0,1,4,0,6,0
6.0,0,0,2,7,1,2,9,0,0,0,2,0,21,0
5.0,0,0,11,9,2,5,3,2,0,2,4,0,8,1
5.0,0,0,0,0,0,0,0,0,0,0,0,0,0,1
7.0,0,0,0,0,0,0,0,0,0,0,0,0,0,1
5.5,0,0,0,0,0,0,0,0,0,0,0,0,0,0
6.0,0,0,0,0,0,0,0,0,0,0,0,0,0,1
10.0,5,40,16,24,33,12,145,68,0,96,23,8,64,0
5.3,5,40,10,30,11,53,44,37,4,58,80,13,55,0
4.2,5,40,37,23,27,4,33,29,2,25,16,5,56,0
4.5,5,40,7,25,15,10,80,56,2,46,55,26,60,0
5.0,5,40,7,24,11,24,37,3,1,16,86,12,62,0
6.5,5,40,14,38,6,38,100,97,0,112,77,17,80,0
4.5,5,40,26,22,6,4,114,105,0,109,7,52,47,0
6.8,5,40,18,32,21,26,54,57,0,63,48,60,56,1
6.0,5,40,8,31,6,19,13,9,0,12,12,68,68,0
7.0,5,40,5,103,25,24,66,8,0,7,10,152,77,1
6.0,5,40,21,28,4,17,67,17,0,20,109,18,59,0
10.5,5,40,7,44,46,8,65,27,0,49,12,157,30,0
6.5,5,40,14,51,24,44,60,21,0,32,81,178,92,0
4.2,5,40,12,44,27,19,72,23,3,25,34,126,43,0
8.0,5,40,10,31,27,57,55,91,1,85,100,42,60,0
6.0,50,70,17,26,6,56,14,40,0,44,75,3,24,1
7.5,50,70,15,32,14,58,23,56,1,69,100,2,65,1
7.5,50,70,21,34,8,44,35,58,0,73,51,10,33,1
6.7,50,70,11,24,5,57,45,48,0,54,96,3,61,1
7.0,50,70,26,54,15,64,56,79,0,97,102,5,49,1
6.4,50,70,16,41,4,62,46,54,1,67,85,3,41,0
7.2,50,70,17,26,14,44,38,38,1,61,75,0,35,1
6.9,50,70,21,27,14,70,39,55,0,67,93,6,38,1
7.0,50,70,20,21,16,70,106,62,1,107,80,6,45,0
7.1,50,70,20,46,9,78,46,54,0,69,105,6,61,1
7.0,50,70,26,45,7,60,50,85,2,128,78,13,49,1
7.5,50,70,25,30,9,79,33,42,4,47,124,4,47,0
7.5,50,70,8,54,11,48,88,35,4,39,70,3,77,1
5.9,50,70,21,27,7,67,27,51,0,61,85,4,47,1
8.0,50,70,12,48,10,71,44,48,0,55,110,14,75,0
7.0,50,70,30,29,12,69,48,69,0,75,99,2,61,1
6.5,50,70,16,33,8,53,33,49,3,56,94,3,41,0
8.8,50,80,16,33,17,53,41,69,0,62,71,9,26,1
9.0,50,80,38,51,22,82,79,69,1,93,135,36,46,1
9.2,50,80,32,33,23,75,65,76,2,83,101,24,50,0
5.5,50,80,12,27,11,47,21,61,0,75,66,22,22,0
7.4,50,80,17,32,12,89,54,84,0,107,91,31,33,1
8.0,50,80,11,34,20,53,50,39,0,57,78,22,25,1
7.0,50,80,19,35,22,61,55,80,0,85,76,34,32,0
8.0,50,80,24,47,13,68,45,81,1,82,99,22,38,1
6.0,50,80,28,38,9,72,21,89,0,86,72,28,44,1
9.37,50,80,16,52,27,61,103,78,0,109,82,31,45,0
6.5,50,80,7,11,9,55,24,41,0,41,73,6,17,0
8.3,50,80,9,22,20,39,38,38,0,39,56,21,39,0
10.2,50,80,20,32,25,86,63,85,0,130,108,29,40,0
9.0,50,80,21,35,25,57,34,68,1,73,102,37,37,0
6.25,50,80,30,43,15,105,56,61,2,69,121,14,58,0
8.0,50,80,18,40,21,71,66,84,1,95,87,25,44,0
7.7,50,80,22,44,17,62,66,55,2,70,79,26,60,0
6.8,50,70,14,50,7,95,23,19,0,20,92,11,91,0
8.7,50,70,10,54,17,103,52,43,0,61,103,10,85,0
6.2,50,70,11,51,16,82,48,20,0,19,91,6,78,0
7.0,50,70,11,45,14,82,33,9,0,9,87,5,70,0
6.9,50,70,15,82,17,144,58,64,0,86,133,12,115,1
6.5,50,70,11,45,12,84,29,18,0,15,93,8,73,0
7.25,50,70,20,94,23,145,71,42,0,70,140,11,121,0
7.6,50,70,7,45,11,79,29,27,0,25,86,3,61,1
8.1,50,70,17,86,11,148,65,43,0,54,142,14,134,1
6.5,50,70,22,75,11,101,44,19,1,23,115,18,126,0
6.8,50,70,25,72,7,113,51,44,0,57,123,3,90,1
6.5,50,70,16,63,13,90,65,21,0,35,78,16,84,1
4.8,50,70,17,59,10,53,47,17,1,16,38,17,112,0
5.2,50,70,12,42,4,31,24,14,0,2,23,8,64,0
7.7,50,70,13,60,19,100,59,26,0,37,100,6,96,0
5.0,50,70,14,71,12,130,27,42,0,49,138,11,76,0
6.5,50,70,23,70,5,106,34,29,0,31,123,6,112,1
8.5,35,60,18,50,22,80,42,58,1,57,119,15,77,1
6.2,35,60,13,41,11,56,47,69,0,72,95,4,71,0
5.8,35,60,29,51,10,85,53,74,3,73,136,11,69,0
6.2,35,60,9,30,5,62,48,29,2,44,104,5,79,0
5.8,35,60,11,32,4,61,52,21,1,25,85,1,51,1
6.4,35,60,11,33,8,46,43,26,3,32,79,9,67,0
7.5,35,60,16,42,9,62,70,55,1,73,99,11,84,1
7.0,35,60,18,48,16,64,70,73,0,105,103,27,77,0
6.8,35,60,24,60,15,98,90,78,6,98,138,8,98,0
8.0,35,60,17,40,21,57,54,24,0,33,73,29,102,1
6.5,35,60,33,51,17,79,67,58,0,63,102,3,83,0
6.2,35,60,8,23,11,43,34,16,1,16,62,2,36,0
6.5,35,60,23,56,10,96,50,68,4,91,131,10,60,0
4.9,35,60,10,31,8,57,28,34,0,33,89,6,53,1
5.6,35,60,25,44,10,58,48,46,1,46,96,17,82,0
5.2,35,60,6,27,7,64,30,35,1,37,88,4,51,0
4.4,35,60,27,53,5,57,20,29,1,31,90,18,59,1
3.6,35,60,15,52,5,52,20,12,0,11,63,19,37,0
5.9,35,60,16,44,7,78,37,31,3,35,117,5,80,0
6.2,35,60,24,37,21,107,51,77,1,85,171,14,92,0
5.5,35,60,25,40,3,59,27,43,0,53,83,12,33,1
7.0,35,60,30,42,8,106,42,44,4,51,172,8,82,0
5.5,35,60,20,34,5,80,48,54,0,58,97,8,61,0
9.0,65,100,3,15,13,44,40,31,1,36,56,5,42,1
8.0,65,100,26,29,9,58,51,49,0,80,85,1,32,1
18.0,65,100,9,43,50,55,89,42,3,58,63,18,60,0
8.0,65,100,28,30,15,84,42,43,0,56,98,2,36,1
9.5,65,100,22,38,21,53,76,77,0,118,78,3,61,1
10.0,65,100,7,49,19,40,55,39,1,54,57,22,53,1
9.5,65,100,18,40,21,45,51,62,2,93,59,0,46,1
10.2,65,100,13,25,17,59,49,60,1,56,83,5,57,1
8.2,65,100,23,36,29,62,82,57,0,99,88,2,47,0
8.2,65,100,18,31,14,67,42,46,0,45,89,1,35,1
9.2,65,100,23,34,16,78,73,69,0,111,103,7,47,1
10.0,65,100,15,43,24,84,61,59,0,91,119,14,93,1
8.0,65,100,12,31,15,99,41,43,0,59,126,7,39,1
9.0,65,100,15,31,13,53,57,42,0,73,78,7,38,1
10.25,65,100,23,46,14,73,29,40,0,49,106,4,19,1
9.5,65,100,17,46,23,61,64,51,1,74,100,10,50,1
8.7,65,100,12,39,21,53,48,51,0,67,69,3,40,1
9.3,65,100,9,50,30,56,37,42,0,71,97,1,25,1
9.0,65,100,17,43,23,92,60,57,4,70,128,3,61,0
8.0,50,70,16,42,18,91,40,55,0,76,117,2,30,1
10.0,50,70,17,31,14,68,32,49,1,58,91,7,29,1
2.0,0,0,5,49,15,28,92,23,0,34,9,7,92,0
0.5,0,0,14,42,10,22,109,47,0,49,7,8,128,0
1.5,0,0,8,34,4,15,84,16,1,33,14,7,68,0
2.0,0,0,13,19,12,11,35,44,0,43,17,4,42,0
1.2,0,0,8,32,4,17,89,17,0,42,5,7,71,0
1.5,0,0,1,10,4,10,35,0,0,2,5,0,38,0
1.5,0,0,7,21,2,14,47,12,0,18,3,3,72,0
1.5,0,0,2,7,2,4,23,10,0,6,0,2,29,0
1.5,0,0,2,7,0,0,44,14,0,27,0,2,12,0
1.5,0,0,5,15,4,3,28,9,0,6,1,2,26,0
1.5,0,0,1,8,0,1,16,2,0,5,3,1,10,0
1.5,0,0,4,8,3,3,19,6,0,4,1,4,19,0
0.5,0,0,3,8,4,4,11,1,0,1,1,0,25,0
1.5,0,0,0,3,3,1,13,10,0,7,0,0,13,1
1.5,0,0,0,1,0,0,0,1,0,1,0,0,0,0
5.0,18,25,28,33,7,33,38,37,1,45,54,4,57,0
4.8,18,25,36,34,4,32,22,9,8,7,58,12,87,1
4.8,18,25,32,25,6,29,19,18,1,16,50,2,45,0
5.0,18,25,34,40,10,34,29,35,3,36,64,6,61,0
4.8,18,25,37,32,12,34,33,30,3,39,71,4,69,1
5.0,18,25,19,27,3,32,33,25,3,33,50,2,72,0
5.0,18,25,35,42,8,32,52,35,5,41,50,3,71,0
5.0,18,25,45,21,4,36,37,49,5,44,48,6,70,1
4.8,18,25,39,38,10,41,26,35,1,42,69,12,69,1
4.9,18,25,40,27,5,18,35,37,4,33,41,4,56,0
5.2,18,25,39,24,2,21,25,19,4,19,37,0,56,0
6.0,18,25,29,55,17,50,47,41,0,30,76,7,88,0
4.8,18,25,24,28,5,37,25,34,0,40,70,7,50,0
5.1,18,25,19,34,12,40,59,46,3,47,60,13,85,0
5.0,18,25,27,25,4,34,20,16,4,23,47,5,39,1
4.9,18,25,44,39,5,46,58,37,1,39,69,6,64,0
5.3,18,25,35,31,5,30,30,15,1,22,54,4,47,1
4.2,18,25,45,36,9,30,34,31,3,32,60,13,58,0
6.5,18,25,32,47,22,66,51,59,4,78,81,19,100,1
4.83,18,25,29,31,2,29,16,18,0,18,39,0,45,0
4.8,18,25,22,40,2,38,30,32,6,37,55,4,79,0
5.0,8,18,6,17,4,15,16,10,0,6,15,3,50,0
4.74,8,18,13,19,6,8,16,10,1,9,15,1,23,0
4.6,8,18,10,15,5,13,10,22,3,19,17,4,22,0
4.6,8,18,15,16,5,8,12,3,5,3,14,5,30,0
4.7,8,18,5,25,4,14,15,4,0,4,20,3,34,0
4.4,8,18,20,35,14,10,10,7,5,2,19,1,37,0
4.2,8,18,29,20,16,17,40,11,3,11,32,11,67,0
4.4,8,18,23,19,4,21,19,14,2,10,34,4,43,0
4.66,8,18,12,20,3,7,23,11,2,8,9,0,35,0
5.0,8,18,16,22,6,15,36,9,3,23,20,2,32,0
5.0,8,18,17,30,7,25,24,5,0,4,31,1,38,0
4.5,8,18,23,14,1,12,27,17,0,20,17,2,24,0
4.6,8,18,17,26,9,15,31,14,1,18,19,3,43,0
5.0,8,18,31,36,11,7,27,7,4,9,11,2,65,0
4.3,8,18,14,29,5,13,19,2,4,3,17,2,46,0
4.5,8,18,15,29,2,9,20,9,0,7,10,1,27,0
5.9,8,18,4,19,13,9,17,5,0,5,11,1,18,0
5.0,8,18,30,17,2,28,20,8,4,10,36,3,37,0
5.5,8,18,5,24,19,16,22,3,0,2,19,4,26,0
5.5,8,18,4,18,14,7,9,5,0,0,7,3,26,0
4.6,8,18,10,19,2,22,32,6,2,13,28,3,32,0
4.65,8,18,15,20,7,21,22,6,2,3,29,1,46,0
4.6,8,18,7,18,3,11,10,3,0,4,17,4,29,0
5.0,8,18,16,27,6,22,21,15,5,12,38,7,47,0
5.0,8,18,16,24,6,17,14,7,3,3,35,5,38,0
4.64,8,18,13,25,12,20,16,9,0,2,25,4,34,0
5.9,8,18,24,41,29,19,23,7,3,6,34,3,57,0
4.5,8,18,11,33,3,17,21,8,1,8,29,5,48,0
4.6,8,18,17,20,8,29,24,6,3,5,49,11,51,0
4.7,8,18,15,17,8,8,37,13,6,17,26,4,56,0
4.5,8,18,33,26,4,12,28,10,4,12,23,4,39,0
4.5,8,18,34,23,4,22,30,10,6,15,51,7,53,0
4.28,8,18,14,24,2,15,14,7,2,5,23,4,27,0
4.7,8,18,10,15,4,13,10,6,0,4,13,0,31,0
4.5,8,18,32,22,2,26,22,7,5,4,54,9,64,0
5.6,8,18,21,18,22,18,24,12,4,8,38,3,55,0
4.5,8,18,21,34,7,16,39,11,1,8,17,1,44,0
5.0,8,18,16,18,3,14,23,9,0,14,18,5,28,0
4.7,8,18,21,24,5,20,14,1,2,3,33,2,41,0
5.2,8,18,9,23,8,26,22,1,0,2,45,1,48,0
4.5,18,30,13,24,6,24,37,7,0,5,32,2,71,0
5.68,18,30,12,28,5,39,44,10,1,13,58,6,82,0
5.1,18,30,19,38,6,34,50,10,6,11,59,8,107,0
5.0,18,30,13,36,8,41,47,9,0,11,42,3,73,0
4.0,18,30,15,27,9,18,55,46,3,35,45,9,43,0
4.9,18,30,7,22,9,19,39,9,0,9,21,0,55,0
4.7,18,30,9,17,5,22,26,7,0,6,29,2,64,0
5.2,18,30,36,35,6,33,69,24,0,21,38,8,103,0
5.2,18,30,13,29,4,20,65,23,0,23,29,4,66,0
5.0,18,30,26,33,4,38,38,15,1,10,52,5,63,0
5.0,18,30,6,31,5,20,25,4,0,1,21,1,42,0
4.9,18,30,22,39,5,42,70,12,0,14,71,11,102,0
5.2,18,30,13,29,2,28,81,12,0,13,26,2,76,0
5.8,18,30,15,49,13,49,54,14,1,15,69,9,123,0
4.8,18,30,8,38,5,26,57,9,0,11,39,2,96,0
5.57,18,30,21,32,7,43,30,35,3,21,58,7,66,0
5.5,18,30,11,45,3,30,67,15,2,16,43,7,95,0
4.9,18,30,10,30,8,28,117,5,0,5,36,1,109,0
5.4,18,30,13,35,7,40,82,42,0,45,45,5,99,0
4.5,18,30,31,35,11,41,50,27,6,21,74,6,110,0
5.3,18,30,10,38,11,39,65,16,0,17,30,4,100,0
4.7,18,30,11,34,2,19,113,8,0,8,26,2,132,0
4.0,18,30,20,40,3,35,50,15,0,15,47,4,77,0
5.0,18,30,15,43,11,33,51,14,2,15,41,7,104,0
5.6,18,30,17,40,7,43,36,11,0,12,51,4,71,0
5.3,18,30,15,27,5,36,58,20,0,17,45,1,79,0
0.0,18,30,8,38,9,39,74,20,1,27,37,1,80,0
4.6,30,45,22,25,6,32,23,20,3,18,35,5,39,0
4.9,30,45,18,15,1,7,16,8,3,9,12,0,36,0
5.0,30,45,22,23,5,24,25,10,5,17,39,3,60,0
4.25,30,45,32,33,4,41,33,10,7,13,74,8,78,0
5.0,30,45,22,17,5,21,8,2,0,3,26,2,40,0
4.98,30,45,20,29,9,39,33,21,0,22,51,4,46,0
4.4,30,45,18,17,6,16,37,7,1,10,28,0,46,0
5.0,30,45,16,20,6,25,14,9,3,2,33,4,43,0
4.7,30,45,33,37,6,41,28,26,12,33,89,10,59,0
6.2,30,45,8,9,10,13,35,11,0,24,18,9,20,0
4.8,30,45,15,24,7,40,32,17,0,14,51,1,49,0
5.2,30,45,49,32,9,51,23,36,14,31,98,15,93,0
5.5,30,45,31,23,18,17,84,52,1,46,41,3,78,0
4.5,30,45,23,26,9,47,17,36,0,29,68,0,71,0
4.2,30,45,27,28,0,32,23,22,0,23,40,5,66,0
4.5,30,45,30,31,7,50,39,35,0,33,79,5,52,0
4.0,30,45,30,43,13,61,30,17,2,22,91,6,84,0
4.9,30,45,15,25,7,29,58,18,3,15,52,3,95,0
5.1,23,29,46,41,3,57,21,16,7,16,90,9,72,1
5.0,23,29,27,24,10,35,18,4,2,2,52,8,62,0
5.4,23,29,19,20,3,18,24,7,1,10,28,2,49,0
5.1,23,29,32,25,9,44,42,23,3,28,69,4,93,0
5.2,23,29,18,31,7,25,30,8,1,9,46,2,55,0
4.5,23,29,14,32,7,23,31,9,1,10,36,3,67,0
6.0,23,29,27,42,11,38,64,20,6,24,73,6,107,0
5.0,23,29,33,26,9,33,18,26,0,20,42,8,73,0
5.0,23,29,33,43,11,53,34,13,4,14,96,14,109,1
5.0,23,29,28,25,8,34,28,15,1,6,50,9,73,0
4.8,23,29,35,41,9,43,53,24,5,27,90,7,121,0
5.1,23,29,20,51,9,50,45,21,1,24,73,6,102,0
5.8,23,29,24,35,6,32,51,17,2,20,46,7,78,0
5.3,23,29,14,31,3,28,23,14,0,15,47,1,55,0
5.3,23,29,6,15,6,26,12,10,0,6,33,3,25,0
5.8,23,29,15,15,1,26,19,15,0,14,31,11,27,0
5.6,23,29,23,41,10,38,38,13,0,12,53,5,59,0
5.4,23,29,13,32,3,25,20,7,1,3,43,6,42,0
5.0,23,29,33,37,11,61,41,52,5,52,79,9,79,1
5.3,23,29,14,35,1,25,29,24,0,17,39,10,56,0
5.3,23,29,5,21,8,22,16,10,0,6,25,0,23,0
4.8,23,29,26,31,3,28,21,4,3,6,32,5,46,0
5.5,23,29,23,25,0,36,29,21,2,15,62,0,72,0
5.0,23,29,26,40,10,46,20,5,1,4,66,4,52,0
5.2,23,29,8,23,2,19,17,8,0,9,30,2,54,0
6.0,23,29,15,29,2,20,35,12,0,14,25,7,53,0
5.3,23,29,19,16,2,15,14,13,0,11,25,8,37,0
4.5,15,40,6,20,4,14,14,3,0,5,7,0,30,0
5.0,15,40,14,39,6,25,39,7,0,8,17,1,83,0
5.6,15,40,5,34,10,35,79,23,1,41,33,2,80,0
4.8,15,40,20,38,8,28,41,7,0,2,31,4,96,0
6.0,15,40,13,40,2,31,54,22,1,15,43,1,64,0
6.5,15,40,18,43,5,27,54,8,0,14,26,2,78,0
6.5,15,40,5,33,5,14,33,3,1,5,14,2,66,0
8.0,15,40,21,99,34,25,60,28,0,10,67,63,102,0
5.4,15,40,33,59,8,60,70,11,0,14,42,8,104,0
5.75,15,40,22,54,5,34,61,17,0,9,33,11,133,1
4.6,15,40,12,42,14,23,58,17,0,15,31,2,92,0
5.0,15,40,8,51,6,42,58,10,0,12,24,5,79,0
5.0,15,40,19,55,8,49,48,6,1,9,46,4,102,0
4.1,15,40,20,56,5,51,80,12,1,17,26,6,112,0
5.3,15,40,18,56,8,22,97,26,0,46,25,3,89,0
4.6,15,40,13,58,5,45,49,13,0,9,32,14,103,1
5.0,15,40,16,68,5,69,47,3,1,4,38,5,131,0
5.0,15,40,13,47,8,25,131,11,0,10,37,2,120,0
6.2,15,40,20,44,14,35,105,19,0,25,47,6,98,0
4.8,15,40,11,68,9,65,87,11,1,20,60,15,138,0
4.5,15,40,12,71,9,69,63,21,0,14,27,4,157,0
2.5,15,40,5,33,8,29,91,6,0,2,16,2,53,0
5.0,18,25,8,14,10,20,19,3,0,1,26,3,26,0
5.0,18,25,17,19,8,29,24,14,3,4,42,0,39,0
5.0,18,25,26,30,11,28,30,23,4,24,47,7,76,0
5.1,18,25,15,19,4,13,36,16,1,15,20,6,48,0
5.0,18,25,43,35,6,42,25,10,2,8,66,3,64,0
5.0,18,25,16,27,4,21,31,13,0,16,32,4,55,0
5.5,18,25,11,23,6,34,26,11,2,6,55,8,40,0
5.0,18,25,39,33,6,19,32,21,4,19,31,4,74,0
5.0,18,25,24,23,11,26,27,13,5,5,52,5,68,0
5.0,18,25,30,40,7,24,49,15,6,17,53,9,81,0
4.8,18,25,17,16,8,26,20,8,0,6,39,10,36,0
5.4,18,25,16,16,4,23,20,9,3,10,44,8,38,0
4.7,18,25,24,22,3,36,20,3,5,3,70,13,63,0
5.0,18,25,26,30,9,31,26,14,3,7,67,7,67,0
4.9,18,25,12,21,4,23,13,6,1,6,32,3,45,0
4.8,18,25,23,26,6,33,24,18,2,16,50,5,48,0
4.8,18,25,17,25,8,15,48,12,3,15,18,1,51,0
5.0,18,25,32,28,8,33,18,27,2,28,52,12,65,0
5.0,18,25,14,25,4,21,26,7,0,6,32,3,62,0
5.2,18,25,20,25,13,25,19,14,3,13,53,3,61,0
4.0,18,25,23,25,6,26,26,24,0,17,37,0,47,0
5.2,18,25,12,28,3,29,25,4,0,8,36,1,47,0
5.0,18,25,28,25,5,29,25,20,6,10,45,3,74,0
5.4,18,25,24,30,3,29,23,11,5,15,55,6,72,0
4.9,18,25,27,27,5,36,29,17,3,20,53,11,50,0
4.6,18,25,16,22,3,24,29,15,0,9,35,4,56,0
4.5,18,25,16,21,7,16,14,4,1,2,19,4,41,0
4.7,18,25,22,21,2,24,31,12,1,14,35,3,47,0
5.3,18,25,21,25,8,22,35,9,3,8,52,6,68,0
5.0,18,25,15,22,4,21,33,10,2,11,38,1,51,0
5.5,18,25,15,21,4,31,6,8,0,8,40,0,33,0
5.0,18,25,11,14,3,16,17,16,0,20,25,1,32,0
5.0,18,25,15,22,4,35,16,16,2,12,48,3,51,0
7.2,15,40,11,30,36,41,60,18,0,21,48,7,68,0
8.0,15,40,13,23,50,21,76,21,1,24,32,6,66,0
8.8,15,40,11,39,36,24,102,50,0,48,49,3,72,0
6.4,15,40,21,33,22,22,41,6,0,4,34,5,68,0
8.7,15,40,10,27,49,29,68,31,2,28,36,9,73,0
9.5,15,40,10,35,55,10,74,30,2,34,13,3,58,0
10.0,15,40,9,36,77,33,59,31,1,36,31,4,32,0
8.7,15,40,31,43,46,87,46,45,0,45,125,7,40,0
12.0,15,40,7,21,70,12,33,8,1,11,6,0,27,0
9.0,15,40,10,27,76,16,53,22,0,10,17,1,49,0
7.3,15,40,14,27,44,24,23,15,1,16,33,3,48,0
8.1,15,40,13,26,20,17,61,12,2,6,26,1,85,0
10.0,15,40,10,9,58,27,44,13,0,15,22,0,39,0
7.5,15,40,6,29,58,22,48,16,0,23,29,7,46,0
9.0,15,40,13,17,78,15,37,6,2,11,11,6,39,0
7.0,15,40,12,27,27,22,65,16,0,19,34,2,34,0
8.4,15,40,1,19,19,18,63,13,0,15,20,2,30,0
6.2,15,40,2,6,7,11,13,2,0,2,12,1,23,0
12.6,15,40,1,33,38,9,68,24,0,27,6,1,36,0
9.4,15,40,3,30,47,13,48,20,0,21,16,5,48,0
7.0,15,40,3,6,11,9,10,1,0,3,10,4,10,0
9.5,15,40,7,35,54,26,64,21,0,20,35,9,67,0
7.2,15,40,2,4,5,5,12,2,0,2,7,1,15,0
7.2,15,40,17,35,45,24,56,27,3,30,28,5,64,0
7.2,15,40,13,32,42,17,27,1,0,1,21,2,47,0
10.0,15,40,7,15,25,14,17,10,0,10,16,0,26,0
9.0,15,40,12,33,38,26,74,22,0,24,22,6,40,0
5.1,18,25,20,49,5,39,21,6,3,9,88,8,84,1
5.0,18,25,32,35,6,42,33,8,3,8,69,5,108,1
5.2,18,25,22,29,7,31,19,9,5,10,60,7,56,0
4.3,18,25,19,23,7,30,18,13,4,12,50,89,59,1
5.5,18,25,26,38,6,34,48,11,2,10,59,12,85,0
5.0,18,25,28,41,10,43,51,27,2,26,63,9,79,0
5.1,18,25,54,32,8,35,33,18,11,16,66,14,76,0
4.5,18,25,34,19,2,32,18,6,1,9,51,6,48,0
5.0,18,25,30,29,5,37,26,4,6,6,59,3,75,0
4.9,18,25,27,17,6,38,37,13,1,15,58,4,59,1
4.5,18,25,46,29,2,45,32,7,3,12,65,4,66,0
4.5,18,25,35,40,9,49,43,26,3,26,74,9,80,1
4.8,18,25,18,24,10,26,22,13,3,6,48,7,74,0
4.5,18,25,35,30,3,46,32,16,6,18,66,9,72,1
5.0,18,25,23,15,6,18,18,18,1,14,26,4,40,0
4.8,18,25,32,28,8,33,34,13,3,6,55,6,85,0
5.8,18,25,43,34,6,41,24,14,6,11,75,12,97,1
4.9,18,25,29,37,8,36,24,17,1,15,60,4,60,1
5.5,18,25,43,35,3,48,37,18,3,17,74,10,65,0
5.6,18,25,33,48,10,32,51,55,0,44,51,11,72,1
5.0,18,25,42,33,3,38,28,9,4,11,50,3,68,0
5.3,18,25,40,25,4,31,19,15,3,11,59,5,50,0
4.5,18,25,13,27,8,25,15,10,0,10,31,0,41,0
4.7,18,25,29,35,7,48,50,16,3,12,77,5,88,0
5.2,18,25,19,42,1,26,30,3,2,2,44,3,63,0
6.5,30,70,30,25,16,87,35,52,3,56,106,10,54,1
4.1,30,70,39,12,2,55,16,22,1,26,74,3,21,0
5.0,6,18,54,23,7,26,24,5,2,4,36,8,64,0
5.0,6,18,31,30,9,18,18,13,0,16,23,0,45,0
4.7,6,18,38,32,6,28,28,10,2,14,42,4,74,0
4.9,6,18,23,24,5,14,11,4,2,5,20,1,48,0
5.0,6,18,19,22,2,25,28,8,1,7,39,3,73,0
5.0,6,18,31,22,3,25,18,4,0,7,29,4,44,0
5.0,6,18,23,31,2,21,14,11,1,5,33,0,99,0
5.0,6,18,32,26,4,28,14,11,0,7,30,1,44,0
4.5,6,18,4,9,2,11,7,4,1,2,15,1,21,0
5.0,6,18,2,0,0,1,2,4,0,1,3,0,4,0
3.8,6,18,18,10,6,8,6,5,1,6,9,0,26,0
5.5,6,18,12,13,3,8,10,5,0,5,14,3,25,0
5.0,6,18,7,7,0,10,16,8,0,9,15,1,18,0
4.3,6,18,6,9,3,6,6,5,0,3,9,0,23,0
4.5,6,18,1,0,0,1,2,1,0,0,1,1,2,0
5.05,6,18,0,0,0,0,0,0,0,0,0,0,0,0
5.5,6,18,1,4,1,4,2,0,0,0,5,0,4,1
5.5,6,18,7,19,2,17,8,3,0,3,21,2,18,1
5.0,6,18,2,2,0,5,0,0,0,1,9,0,4,1
5.2,20,40,27,51,13,40,28,25,2,19,66,10,97,1
5.0,20,40,24,42,9,49,45,48,0,44,78,15,62,1
5.2,20,40,15,34,12,26,68,19,1,27,32,9,121,0
5.2,20,40,13,52,18,36,71,21,0,32,52,9,117,0
5.2,20,40,35,57,14,77,75,80,9,90,115,12,114,1
5.5,20,40,32,73,15,64,58,55,2,50,115,32,103,1
5.2,20,40,36,51,4,34,33,28,5,33,49,8,86,1
5.0,20,40,34,54,9,44,65,61,1,68,61,10,100,1
5.6,20,40,23,67,12,67,57,44,0,46,86,18,108,0
4.7,20,40,18,31,7,28,30,31,1,36,46,8,58,0
5.5,20,40,35,39,5,53,37,38,1,38,77,20,63,1
4.2,8,12,13,15,5,11,20,4,3,6,12,3,40,0
4.17,8,12,10,9,6,7,6,5,2,4,9,2,15,0
4.2,8,12,18,14,15,18,15,72,6,70,28,6,44,0
4.2,8,12,23,20,9,14,15,10,4,6,18,2,43,0
4.2,8,12,9,9,5,3,5,5,0,4,4,2,11,0
4.1,8,12,13,18,6,11,5,17,3,15,32,5,36,0
6.0,8,12,15,28,20,6,28,11,1,13,9,6,37,0
4.1,8,12,7,27,3,10,8,3,0,4,12,1,26,0
3.5,8,12,21,26,2,36,21,11,4,4,65,6,71,0
4.3,8,12,19,18,9,18,23,3,2,3,36,3,59,0
4.2,8,12,25,32,5,20,3,8,5,3,42,4,54,0
4.3,8,12,16,33,3,21,20,7,0,6,23,0,49,0
4.1,8,12,13,16,5,6,7,0,1,0,8,0,18,0
4.2,8,12,15,13,8,15,12,3,5,1,31,1,49,0
4.0,8,12,24,32,8,30,38,11,3,22,52,10,59,0
2.4,8,12,17,27,15,18,12,8,3,6,36,2,49,0
4.0,8,12,21,31,6,25,30,4,3,3,49,6,66,0
4.1,8,12,16,24,5,9,10,7,2,6,16,1,42,0
3.9,8,12,24,35,7,26,24,19,3,16,50,4,82,0
3.8,8,12,23,27,7,26,28,33,3,35,41,5,54,0
4.2,8,12,18,24,2,22,21,4,3,4,33,2,50,0
3.6,8,12,3,24,5,6,20,10,0,9,10,2,24,0
4.15,8,12,10,22,4,18,22,8,1,8,26,1,42,0
4.0,8,12,15,12,10,9,10,8,1,8,10,1,31,0
3.88,8,12,23,21,4,16,21,8,0,12,20,0,30,0
2.3,8,12,12,29,0,16,7,4,1,5,22,1,30,0
3.2,8,12,7,14,3,14,13,7,0,7,17,1,32,0
4.0,8,12,24,29,5,24,33,5,0,5,35,0,60,0
4.0,8,12,23,26,2,26,13,8,4,9,38,3,58,0
3.6,8,12,25,31,4,22,29,11,0,4,24,1,30,0
4.0,8,12,22,31,6,22,27,14,0,10,28,4,45,0
3.75,8,12,9,16,4,24,14,6,0,4,29,0,24,0
4.19,8,12,18,16,6,10,21,11,0,15,16,0,26,0
4.2,8,12,25,22,7,14,23,18,0,17,18,2,54,0
5.6,10,30,10,22,15,16,28,4,0,5,20,1,58,0
8.1,10,30,4,6,25,3,19,2,1,2,3,0,30,0
5.9,10,30,10,24,15,18,30,7,4,3,38,4,79,0
5.61,10,30,20,21,18,20,28,15,6,6,38,1,73,0
7.3,10,30,9,29,45,34,34,10,4,1,56,3,79,0
6.0,10,30,20,50,28,17,47,12,1,8,20,3,77,0
5.6,10,30,21,31,12,28,41,10,3,7,53,4,95,0
8.2,10,30,22,36,40,19,39,6,3,4,45,6,91,0
8.0,10,30,9,19,32,13,40,12,0,10,16,0,43,0
8.0,10,30,9,39,39,23,44,15,0,14,24,1,43,0
7.0,10,30,9,29,34,17,44,11,0,10,26,5,68,0
5.86,10,30,18,41,35,18,48,17,0,13,20,1,84,0
8.1,10,30,14,34,44,17,38,8,0,6,19,5,73,0
8.5,10,30,21,19,54,16,51,15,2,10,15,4,62,0
8.0,10,30,15,30,22,13,56,29,0,29,19,13,53,0
10.5,10,30,8,21,52,12,50,25,0,33,10,8,31,0
7.1,10,30,7,28,15,20,55,11,1,13,28,1,73,0
5.61,10,30,15,28,18,7,21,7,1,6,7,0,63,0
5.9,10,30,11,25,19,11,44,12,0,15,17,2,37,0
10.0,10,30,7,25,50,11,82,41,0,49,7,0,47,0
8.5,10,30,7,29,52,17,31,17,0,13,16,1,38,0
11.0,10,30,9,33,63,10,79,28,0,36,5,3,51,0
6.2,10,30,6,20,28,2,46,10,0,7,3,0,31,0
12.2,10,30,3,15,33,12,48,14,0,27,10,4,30,0
5.4,15,25,7,29,5,21,42,6,0,9,27,5,89,0
4.9,15,25,14,57,2,48,49,10,0,8,38,10,100,0
5.5,15,25,14,43,7,38,62,15,1,18,48,6,127,0
5.0,15,25,8,31,1,31,13,10,1,4,30,2,51,0
5.5,15,25,17,57,9,21,75,23,1,35,24,2,121,0
5.52,15,25,11,60,1,44,57,6,0,5,43,11,92,0
5.0,15,25,17,45,11,39,55,5,0,9,38,7,121,1
5.1,15,25,21,44,7,30,58,8,0,17,29,5,102,1
4.7,15,25,13,61,12,24,54,12,0,22,19,9,122,0
5.0,15,25,16,43,7,42,45,18,0,26,25,14,80,0
4.8,15,25,22,43,11,44,59,12,0,15,76,25,144,0
4.3,15,25,22,55,7,28,91,23,0,48,31,10,121,0
5.1,15,25,10,37,1,30,64,10,0,14,20,5,89,0
5.0,15,25,18,52,10,38,89,20,0,26,44,11,107,1
5.0,15,25,25,51,3,35,75,18,1,22,46,12,131,0
5.0,15,25,19,65,4,43,65,8,0,11,38,12,144,1
5.0,15,25,21,52,8,37,80,19,0,17,38,7,138,1
5.2,15,25,9,31,6,18,61,5,0,10,23,5,82,0
5.3,15,25,25,49,8,29,81,15,2,18,38,9,132,0
4.4,15,25,10,67,1,55,41,4,0,1,24,5,123,1
5.95,15,25,13,36,7,35,51,12,1,12,34,12,94,0
5.0,15,25,18,68,16,31,77,26,0,39,30,6,132,0
5.5,15,25,19,53,13,37,83,33,2,30,45,7,123,0
4.5,15,25,8,34,2,22,37,3,0,3,22,3,65,0
5.0,15,25,20,45,4,42,83,19,2,20,42,8,119,1
5.2,15,25,21,52,8,37,95,18,0,32,39,6,129,1
5.5,15,25,13,45,11,47,59,13,3,16,34,3,104,0
5.9,18,25,30,30,6,31,42,10,0,11,47,5,105,0
5.6,18,25,16,48,6,20,57,11,0,12,29,20,101,0
6.3,18,25,17,31,4,32,48,10,6,6,46,3,81,0
8.0,18,25,9,38,36,30,76,18,0,23,44,16,110,0
6.25,18,25,43,54,4,35,64,19,1,23,59,20,117,1
5.6,18,25,17,46,7,47,71,19,1,12,69,10,115,0
5.0,18,25,13,34,5,29,49,12,0,14,41,5,87,0
6.0,18,25,18,46,8,35,47,15,2,26,50,11,95,0
5.0,18,25,19,39,5,39,52,23,1,26,64,26,95,1
5.9,18,25,18,38,8,30,53,9,2,17,58,7,89,0
5.8,18,25,6,21,2,16,38,21,0,24,23,5,68,0
7.0,18,25,13,38,17,25,56,10,0,13,29,20,83,0
5.0,18,25,15,37,9,37,50,25,0,25,69,3,83,0
6.0,18,25,8,23,7,15,42,21,0,18,28,2,68,0
6.1,18,25,19,43,1,36,53,16,0,19,50,6,102,1
5.5,18,25,13,36,5,35,67,18,4,23,44,17,123,0
5.7,18,25,16,42,5,25,65,18,6,15,40,14,107,0
6.0,18,25,19,61,22,43,82,11,1,14,66,4,137,0
5.5,18,25,14,38,10,30,61,17,0,19,47,11,109,0
6.0,18,25,16,38,8,25,73,15,1,20,32,9,106,0
5.4,20,30,8,33,6,30,26,5,4,2,26,124,64,0
6.6,20,30,11,50,11,20,45,4,2,6,17,78,80,0
5.8,20,30,18,90,10,53,71,12,0,26,45,103,128,1
8.0,20,30,6,47,16,25,47,11,0,13,34,95,58,1
5.2,20,30,10,43,9,14,34,19,0,21,15,122,98,0
7.4,20,30,6,34,8,15,74,17,2,19,12,99,64,1
6.3,20,30,13,38,14,27,74,14,0,22,27,95,100,0
5.0,20,30,16,69,8,38,55,3,0,3,17,65,83,1
4.9,20,30,13,46,11,26,45,18,6,18,42,84,80,0
5.6,20,30,19,33,11,20,30,13,0,7,27,105,53,0
8.0,20,30,12,84,11,45,60,5,2,2,23,96,98,0
5.2,20,30,16,45,13,24,38,6,2,3,25,107,69,1
8.0,20,30,3,30,3,3,23,10,1,7,2,33,22,0
5.2,20,30,4,12,2,5,11,0,0,0,7,19,22,1
3.8,20,30,10,32,12,10,56,27,2,32,6,87,45,0
5.3,20,30,11,29,8,19,24,13,0,9,24,54,27,0
5.0,20,30,6,13,6,8,16,2,3,3,10,34,27,0
7.0,20,30,6,26,9,15,17,3,0,4,19,55,42,0
4.8,20,30,8,9,5,2,7,3,0,2,2,23,20,0
4.0,20,30,28,69,4,48,41,9,0,9,29,13,101,0
4.6,20,30,22,74,7,69,42,4,0,2,33,14,114,0
6.0,20,30,9,59,9,58,37,4,0,3,30,9,107,1
4.9,20,30,13,70,5,43,52,11,1,14,34,7,100,1
4.5,20,30,14,53,4,40,55,2,1,1,26,8,75,0
3.8,20,30,24,58,3,58,40,6,0,7,49,6,91,0
5.5,20,30,31,73,5,68,64,11,0,9,55,2,123,0
6.0,20,30,7,61,2,46,34,2,0,2,30,14,109,1
4.7,20,30,17,47,3,34,36,1,0,1,24,8,88,0
4.9,20,30,21,69,6,56,59,13,0,26,47,5,131,0
5.7,20,30,10,67,10,47,31,15,0,12,31,12,79,0
5.2,20,30,23,70,4,61,47,9,0,6,41,4,127,0
9.7,20,30,16,129,40,143,92,19,0,22,39,13,214,1
4.9,20,30,31,88,9,70,67,20,1,21,46,14,123,0
5.25,20,30,13,57,7,41,46,16,0,14,27,5,90,0
5.3,20,30,20,66,5,52,47,11,0,11,28,6,113,0
4.9,20,30,18,72,2,45,68,8,0,11,36,5,134,0
5.2,20,30,12,77,7,40,61,8,0,4,17,8,108,0
5.3,20,30,18,81,13,58,82,14,0,5,29,15,121,0
5.5,20,30,8,67,9,52,50,5,0,5,53,4,103,0
5.2,20,30,14,83,9,71,71,17,0,27,43,23,128,1
5.2,15,30,7,30,2,31,31,8,0,4,44,3,67,1
4.0,15,30,10,16,5,9,23,7,0,4,14,8,54,0
5.0,15,30,25,37,4,31,39,9,0,10,45,2,88,0
5.0,15,30,14,38,7,51,57,23,0,28,71,12,90,0
4.1,15,30,4,24,4,8,40,8,4,6,8,1,58,0
5.3,15,30,26,39,9,46,54,9,1,10,51,12,130,0
5.8,15,30,19,41,8,40,57,11,4,15,55,6,112,0
5.2,15,30,14,45,7,38,53,9,0,5,48,7,80,0
5.25,15,30,24,30,7,26,54,17,1,18,37,11,92,0
6.5,15,30,21,26,9,34,47,10,3,10,61,7,88,0
5.0,15,30,16,45,46,28,66,32,2,30,44,21,113,0
6.0,15,30,26,61,16,70,35,26,2,22,91,4,112,0
5.0,15,30,19,35,4,27,58,13,0,12,36,3,108,0
4.6,15,30,20,26,2,28,37,13,5,9,43,5,73,0
5.9,15,30,12,34,3,30,62,1,0,2,41,14,102,0
5.0,15,30,19,43,8,27,51,15,0,17,38,2,88,0
6.4,15,30,12,31,11,30,58,16,0,11,42,6,98,0
4.4,15,30,29,58,4,39,59,12,0,11,53,7,102,0
5.5,15,30,26,46,10,33,70,29,1,30,46,8,84,0
5.8,15,30,8,38,6,27,14,9,0,8,31,3,51,0
5.6,15,30,7,10,1,13,22,7,0,5,22,2,39,0
4.6,15,30,15,10,8,25,10,2,1,2,31,2,34,0
4.75,0,10,24,35,13,7,178,132,0,76,9,2,40,0
5.0,0,10,27,37,5,10,132,103,0,50,17,27,64,0
4.0,0,10,13,17,3,5,101,67,0,39,9,0,22,0
5.0,0,10,3,10,4,1,38,21,0,7,1,0,15,1
3.2,0,10,3,4,1,1,34,30,1,10,1,0,11,0
4.8,0,10,0,2,1,2,19,18,0,16,3,0,2,0
5.0,0,10,0,0,0,0,0,0,0,0,0,0,0,0
6.5,15,21,28,42,6,4,29,102,0,81,12,15,8,1
6.0,15,21,30,34,9,0,36,157,0,91,6,5,8,0
5.0,15,21,14,34,12,2,52,76,0,95,0,4,20,0
8.0,15,21,34,41,11,8,69,109,0,104,8,10,13,1
5.5,15,21,24,32,7,1,112,94,1,94,12,5,22,0
6.95,15,21,51,32,6,5,65,227,1,145,11,0,13,0
6.95,15,21,54,28,5,10,69,233,0,117,4,3,12,1
5.0,15,21,38,29,8,12,148,123,2,124,25,10,22,0
7.7,15,21,30,25,14,7,104,138,4,96,10,10,20,0
4.5,15,21,15,19,6,1,68,70,0,70,6,0,4,0
4.5,15,21,22,28,8,7,159,84,0,115,9,4,17,0
6.0,15,21,57,35,12,3,48,170,0,105,12,6,14,0
5.2,15,21,6,25,3,5,71,44,0,62,7,0,3,0
5.8,15,21,35,50,6,0,43,134,0,85,7,7,11,1
7.0,0,10,31,23,5,5,48,137,0,65,10,1,9,1
6.0,0,10,44,34,15,8,77,197,3,117,17,9,23,1
5.0,0,10,34,32,4,13,45,169,0,98,22,10,11,1
8.0,0,10,35,31,7,8,80,169,1,103,23,13,18,1
5.0,0,10,35,41,9,14,67,178,0,117,32,11,13,0
6.0,0,10,41,38,16,12,64,183,0,87,21,7,14,1
4.8,0,10,31,29,16,9,29,136,1,62,13,5,4,1
6.0,0,10,81,40,5,6,74,284,8,141,15,15,38,1
4.5,0,10,12,20,6,3,86,95,0,60,9,5,14,0
5.5,0,10,63,55,9,11,62,229,1,115,38,10,19,1
5.5,0,10,23,38,4,10,91,101,3,44,18,4,41,0
5.0,0,10,34,30,4,14,83,163,0,88,27,14,18,1
7.0,0,10,26,38,10,9,82,159,1,92,6,7,33,0
5.8,0,10,15,7,7,15,16,75,2,18,21,0,18,0
5.5,0,10,6,16,6,1,69,69,0,52,3,0,10,0
4.8,0,10,55,33,11,16,61,213,2,94,23,7,21,1
11.0,0,10,33,43,40,19,48,157,0,91,30,15,24,0
6.5,0,10,14,17,2,5,20,48,0,25,7,5,5,1
5.0,0,10,16,21,2,0,6,39,0,12,2,6,2,1
5.0,0,10,6,14,0,2,5,33,0,14,4,2,3,1
5.0,0,10,6,7,2,1,5,22,0,9,1,2,1,1
5.0,0,10,14,12,3,1,24,56,0,31,4,6,7,1
5.0,0,10,10,2,2,3,9,27,0,17,6,0,2,1
6.0,0,10,12,6,0,0,3,19,0,4,2,2,4,1
5.0,0,10,18,10,2,12,21,48,0,24,15,2,9,1
5.0,0,10,9,13,0,3,14,32,4,21,3,5,4,0
5.0,0,10,2,2,1,0,0,5,0,0,0,0,0,1
5.0,0,10,5,9,0,2,4,17,0,5,1,4,5,1
6.0,0,10,7,6,1,1,11,34,0,19,2,1,7,0
6.0,0,10,1,1,1,1,5,5,0,5,2,0,0,0
0.5,10,20,22,26,24,20,12,8,3,1,41,6,62,0
0.5,10,20,15,32,34,33,57,17,3,14,57,4,94,0
0.5,10,20,9,25,15,17,26,7,0,9,21,2,47,0
0.4,10,20,6,13,15,5,15,2,0,4,5,1,44,0
0.5,10,20,17,19,18,16,16,7,4,2,34,4,50,0
0.5,10,20,20,43,37,118,48,57,2,89,146,15,89,0
0.5,10,20,5,30,20,9,5,4,1,1,13,0,40,0
0.3,10,20,22,38,29,40,65,16,0,13,70,4,81,0
0.5,10,20,22,23,17,46,18,15,2,5,65,2,57,0
0.4,10,20,5,28,20,14,17,4,0,1,15,1,44,0
0.5,10,20,4,17,14,16,22,10,0,13,19,1,32,0
0.55,10,20,7,30,7,33,40,11,4,3,43,1,64,0
0.5,10,20,12,31,31,24,42,7,3,11,30,0,62,0
0.5,10,20,8,14,18,12,32,6,0,23,17,0,24,0
0.5,10,20,17,22,10,25,24,13,1,11,31,3,33,0
0.5,10,20,11,19,16,21,24,8,3,7,30,3,29,1
0.5,10,20,24,13,12,30,8,8,3,6,51,7,39,0
0.5,10,20,11,12,5,9,20,4,0,1,11,0,18,0
0.5,10,20,4,22,13,19,47,4,0,3,8,2,56,0
0.5,10,20,2,12,7,8,14,25,0,31,11,4,11,0
0.5,10,20,0,5,3,4,7,1,0,0,5,2,7,0
0.05,10,20,2,10,10,3,13,3,0,1,3,3,20,0
5.6,20,30,11,57,17,35,99,21,0,33,41,19,163,0
2.9,20,30,26,46,14,22,38,73,2,28,22,9,74,0
4.2,20,30,25,48,22,46,67,44,3,32,70,11,155,0
4.2,20,30,12,73,3,33,39,8,1,7,28,13,115,1
5.0,20,30,12,68,8,33,74,19,0,27,32,8,107,0
5.5,20,30,6,59,9,40,75,14,1,24,31,5,129,0
3.2,20,30,15,112,10,49,84,11,0,21,46,9,142,0
3.8,20,30,7,82,12,45,36,10,0,4,18,6,102,0
4.8,20,30,8,59,10,54,50,9,0,4,36,9,100,0
4.5,20,30,13,48,6,40,49,11,3,8,41,8,99,0
5.0,20,30,11,47,9,40,57,10,0,8,30,1,108,0
4.3,20,30,7,50,8,23,31,7,0,6,15,12,77,1
4.0,20,30,4,28,1,14,18,5,0,4,15,7,38,1
3.7,20,30,2,34,2,21,23,2,0,4,14,3,62,1
4.0,20,30,4,33,4,22,25,1,0,1,19,13,48,0
4.8,20,30,22,65,16,39,88,46,1,51,38,15,74,0
3.3,20,30,7,42,6,17,40,9,0,7,20,2,50,0
4.4,20,30,8,30,5,15,36,14,0,15,13,8,46,0
4.0,20,30,5,25,3,20,22,8,0,5,29,2,43,0
4.6,20,30,1,15,2,10,19,6,0,5,10,1,30,0
4.1,15,25,15,64,10,56,71,39,1,46,78,10,101,0
4.0,15,25,13,35,8,35,40,24,1,30,40,3,77,0
6.0,15,25,8,14,7,32,31,18,0,19,49,1,50,0
5.0,15,25,26,35,2,64,37,32,0,32,76,9,51,0
3.9,15,25,13,11,7,23,13,24,2,28,25,5,16,0
4.7,15,25,3,27,4,11,12,6,0,4,14,0,40,0
4.0,15,25,10,23,6,13,12,18,0,19,17,3,30,0
3.4,15,25,3,17,0,3,8,3,0,1,9,3,10,0
4.0,15,25,6,15,5,15,12,9,0,9,16,2,18,0
5.0,15,25,4,7,4,22,17,9,0,6,28,0,32,0
4.4,15,25,8,5,2,20,13,17,0,18,22,4,13,0
4.6,15,25,8,10,1,14,13,11,0,10,21,3,5,0
0.0,15,25,0,9,1,6,7,3,0,0,4,1,16,0
0.0,15,25,4,4,1,2,3,0,0,0,6,0,12,0
3.5,15,25,3,11,3,18,2,8,0,7,26,3,15,0
12.0,30,65,13,40,34,37,96,27,1,51,38,19,87,0
8.7,30,65,11,72,41,50,93,14,1,24,35,3,139,0
10.0,30,65,10,104,38,56,125,25,0,67,31,42,132,1
8.3,30,65,3,37,27,25,64,10,1,32,22,17,72,0
8.5,30,65,5,67,44,35,79,31,0,63,42,12,90,1
13.16,30,65,8,61,79,35,106,15,0,38,7,21,128,1
12.0,30,65,6,79,47,22,127,25,0,76,8,35,88,1
8.0,30,65,8,86,65,41,51,7,0,13,16,33,85,1
13.5,30,65,4,56,51,18,86,21,0,97,8,32,103,1
8.0,30,65,9,71,49,37,42,8,0,18,11,31,74,1
7.0,30,65,7,42,21,25,55,7,0,15,19,3,91,0
8.0,30,65,12,79,49,33,75,12,1,27,11,42,97,1
6.0,30,65,16,57,14,31,118,31,0,66,34,27,131,1
8.0,30,65,7,128,72,44,89,13,3,46,29,53,115,1
9.0,30,65,10,47,18,20,68,53,1,45,12,12,48,0
8.9,30,65,9,44,40,39,73,20,1,42,38,16,79,0
9.7,30,65,13,59,51,42,113,27,0,56,33,19,103,0
11.0,30,65,15,47,70,26,171,49,0,87,8,58,117,1
8.0,30,65,8,116,71,39,95,16,2,39,26,63,102,1
10.0,30,65,15,73,55,40,111,33,0,60,59,18,88,1
9.1,30,65,38,58,19,26,85,105,0,71,17,9,85,0
7.0,30,65,11,43,22,37,82,23,0,26,36,22,101,0
7.5,30,65,22,36,24,27,102,48,0,46,23,8,102,0
5.0,30,65,21,80,10,77,54,33,0,44,47,17,108,0
6.2,25,50,33,47,14,79,48,72,4,92,115,8,64,1
6.5,25,50,9,29,5,39,19,21,1,22,58,1,37,1
5.2,25,50,28,42,7,70,34,54,4,82,124,4,61,1
5.0,25,50,19,27,2,51,48,40,0,38,88,3,67,1
6.2,25,50,10,42,7,45,48,54,0,62,87,2,80,1
5.2,25,50,22,23,7,58,27,37,1,48,103,3,52,0
5.8,25,50,14,26,3,43,29,19,0,17,69,1,45,0
5.0,25,50,14,27,3,56,49,36,2,35,87,4,58,1
6.1,25,50,39,37,9,71,29,43,2,60,125,2,59,1
5.2,25,50,15,41,6,60,24,37,3,37,87,5,70,0
6.5,25,50,24,37,12,63,42,53,5,78,105,4,57,1
6.9,20,30,23,23,17,39,38,70,0,39,56,24,23,1
5.15,20,30,29,34,10,20,28,52,2,59,24,25,35,1
5.4,20,30,8,34,23,37,73,49,0,63,64,21,88,0
6.5,20,30,26,36,11,36,41,120,4,83,64,37,37,1
5.5,20,30,24,47,23,17,70,53,0,65,40,60,69,0
5.9,20,30,19,47,19,43,65,71,0,77,53,47,37,0
5.3,20,30,38,45,22,24,61,81,4,119,38,57,61,0
6.0,20,30,21,26,17,21,41,48,1,51,37,50,37,1
6.0,20,30,25,30,10,22,41,47,1,55,28,19,40,0
4.5,20,30,25,24,4,58,22,45,3,49,83,16,36,1
4.8,20,30,26,46,2,11,60,54,2,60,34,25,36,0
7.0,20,30,17,20,16,32,62,41,1,58,38,27,43,0
6.2,20,30,25,27,16,25,34,47,2,45,34,41,24,1
5.2,20,30,15,33,11,31,93,48,1,52,37,13,71,0
7.0,20,30,29,26,18,35,67,73,0,84,55,29,47,0
5.9,20,30,26,45,10,72,41,65,0,74,115,28,44,1
7.2,20,30,14,36,22,29,48,47,0,67,46,29,50,0
7.0,20,30,19,36,24,32,74,47,0,66,44,40,46,0
5.9,20,30,13,35,14,28,53,30,0,37,37,37,45,0
6.0,20,30,45,42,18,28,70,99,2,100,56,35,43,0
6.0,20,30,26,33,11,41,47,76,1,84,70,22,32,1
5.2,20,30,41,34,8,68,38,64,3,80,91,4,54,0
4.5,20,30,20,26,13,36,40,127,0,72,50,9,35,0
6.4,20,30,21,41,25,63,82,62,0,83,95,47,68,0
4.5,20,30,18,34,7,20,22,58,0,61,52,88,39,0
7.0,20,30,25,46,20,14,147,63,2,96,27,33,68,0
5.1,20,40,7,15,9,32,60,32,0,36,53,4,55,0
5.0,20,40,21,48,21,56,66,30,0,34,78,13,102,0
5.6,20,40,24,38,7,79,47,77,1,78,130,13,80,0
5.4,20,40,17,31,2,62,37,56,2,61,91,4,66,0
5.6,20,40,5,21,2,39,29,26,0,27,50,7,54,0
4.7,20,40,20,42,8,38,45,44,2,46,61,2,80,0
5.2,20,40,20,27,4,65,41,34,1,36,92,0,48,0
3.6,20,40,13,101,7,34,39,24,1,21,57,2,73,0
4.7,20,40,26,36,9,45,34,40,0,33,78,5,72,0
4.2,20,40,24,36,11,85,54,66,4,81,106,20,99,0
5.0,20,40,24,37,5,62,40,42,0,46,89,0,65,0
4.5,20,40,35,36,6,72,65,35,0,30,89,5,94,0
4.5,20,40,15,34,2,45,44,35,1,29,61,7,61,0
6.0,20,40,15,29,4,34,47,16,1,12,43,3,77,0
4.9,20,40,19,29,7,46,41,19,2,17,74,7,90,0
5.0,20,40,10,30,3,35,56,7,0,8,49,6,83,0
5.7,20,40,9,49,8,36,89,35,0,32,48,0,99,0
5.0,20,40,24,51,13,29,46,34,0,32,50,15,87,1
5.1,20,40,19,39,9,24,48,27,0,36,50,7,80,0
4.75,20,40,21,40,3,62,33,41,2,48,90,6,76,0
4.7,30,45,36,20,6,56,19,18,8,21,76,10,68,0
5.0,30,45,18,44,11,54,34,20,4,18,74,8,69,0
5.4,30,45,37,23,12,64,26,21,2,18,98,10,66,0
4.7,30,45,27,30,6,54,18,8,4,3,82,16,85,0
5.3,30,45,28,22,12,61,17,23,2,19,78,9,45,0
5.0,30,45,13,15,3,28,11,6,1,4,36,4,34,0
5.0,30,45,24,32,7,81,19,9,2,12,100,5,60,0
5.6,30,45,26,36,13,50,22,33,2,35,70,6,80,0
4.8,30,45,39,28,7,52,27,21,2,25,81,12,65,1
4.6,30,45,28,30,9,50,25,19,2,17,71,4,75,0
5.4,30,45,31,25,14,56,30,35,9,36,84,17,90,0
4.8,30,45,25,27,4,70,24,12,0,14,96,14,59,0
4.98,30,45,24,24,2,46,16,23,1,23,54,2,56,0
4.5,30,45,19,25,4,22,25,14,0,14,31,3,48,0
4.6,30,45,37,39,3,80,23,16,2,19,104,12,73,0
5.3,30,45,32,39,4,65,32,19,5,16,99,5,71,0
5.0,30,45,26,34,9,55,27,22,2,18,81,8,73,0
5.1,30,45,36,38,5,58,26,29,6,29,79,9,86,1
5.5,30,45,22,30,2,41,32,23,3,19,67,8,61,0
5.0,30,45,38,32,10,57,19,17,4,10,95,14,82,1
5.3,25,40,34,28,6,57,10,21,9,23,82,15,56,1
5.0,25,40,25,17,2,23,15,5,0,7,36,5,29,0
4.5,25,40,31,26,7,29,23,10,4,8,49,6,47,0
4.7,25,40,25,17,4,35,23,15,4,15,64,6,53,0
4.8,25,40,29,21,8,42,7,7,3,6,64,4,52,0
5.5,25,40,19,32,3,31,44,20,3,18,41,4,76,0
4.9,25,40,39,24,16,76,18,20,8,16,122,9,70,0
4.9,25,40,37,37,14,57,17,5,5,4,83,18,56,0
4.9,25,40,38,21,3,58,26,14,3,15,80,10,53,1
4.8,25,40,26,25,8,37,28,21,2,25,53,7,36,1
4.8,25,40,35,29,7,44,15,6,10,5,76,11,71,0
4.9,25,40,19,25,5,32,42,17,0,22,48,2,44,0
5.1,25,40,34,46,2,45,18,22,1,23,95,4,67,1
7.0,25,40,23,42,9,61,38,36,4,43,101,20,76,0
4.9,25,40,18,11,5,25,14,6,5,6,38,2,43,0
5.2,25,40,42,36,12,42,38,31,10,28,91,11,95,0
5.3,25,40,24,17,9,43,19,20,2,20,73,10,49,1
5.0,25,40,38,20,6,56,18,21,2,21,79,5,56,1
5.0,25,40,32,27,5,36,43,18,7,18,58,5,70,0
4.8,25,40,30,28,9,68,11,11,5,10,105,6,86,0
5.5,25,40,5,11,7,19,30,25,0,32,20,3,26,0
4.2,25,40,29,22,8,27,24,14,3,10,55,4,63,0
5.5,25,40,47,20,4,48,18,5,5,7,82,11,54,1
4.9,25,40,47,38,8,49,24,10,10,11,99,12,88,0
7.5,30,65,14,37,18,55,37,35,0,43,62,13,47,1
8.8,30,65,18,46,25,61,48,24,4,29,108,13,61,1
7.15,30,65,14,25,15,25,11,8,2,17,95,2,19,0
7.2,30,65,37,50,13,62,38,44,0,44,100,9,82,0
9.0,30,65,18,46,59,54,71,33,0,31,64,8,66,0
8.0,30,65,14,42,34,77,80,73,3,97,97,5,68,0
7.0,30,65,36,46,20,67,49,42,6,51,104,13,85,0
7.0,30,65,16,48,24,87,63,26,7,28,118,8,103,0
7.6,30,65,25,48,31,35,61,30,6,44,59,15,74,0
9.1,30,65,24,33,23,38,37,28,3,31,72,10,73,1
7.5,30,65,22,46,20,54,53,24,1,31,88,8,85,0
6.8,30,65,8,20,13,50,28,13,1,17,69,3,46,0
10.0,30,65,15,18,24,30,16,3,1,3,37,8,42,0
5.2,20,40,19,88,10,66,63,10,0,11,37,4,125,1
5.4,20,40,4,39,12,24,37,3,0,12,18,47,50,0
5.6,20,40,12,101,9,85,70,11,0,19,59,11,126,1
5.6,20,40,6,93,16,113,65,7,0,7,44,11,145,0
6.0,20,40,18,95,16,98,79,18,0,21,94,14,110,1
5.3,20,40,5,61,6,80,28,1,0,9,13,3,119,0
5.0,20,40,13,26,4,25,26,1,1,1,15,3,57,0
7.5,20,40,21,94,20,88,54,12,0,14,38,83,111,1
6.2,20,40,14,88,15,119,48,3,1,3,26,6,166,1
6.7,20,40,13,73,5,102,40,29,0,25,97,8,74,0
5.5,20,40,4,81,10,60,50,12,0,6,37,4,109,0
5.8,20,40,3,77,8,41,52,5,0,13,13,16,97,0
5.4,20,40,3,28,12,17,94,4,1,9,17,7,78,0
5.4,20,40,22,66,5,50,57,9,0,11,49,4,111,0
7.8,20,40,5,141,22,61,78,4,1,71,29,102,153,1
4.0,20,40,9,72,3,39,38,5,4,3,21,9,87,0
5.5,20,40,13,103,14,81,57,9,0,9,44,11,130,1
7.5,20,40,8,91,12,62,69,8,1,13,38,7,103,1
6.2,20,40,9,111,13,55,75,5,1,70,27,7,148,1
7.0,25,45,5,54,24,30,96,30,0,45,10,7,88,0
8.2,25,45,14,94,22,44,79,9,1,35,24,126,105,1
7.2,25,45,5,82,8,55,80,18,0,24,20,19,100,1
9.4,25,45,10,80,31,39,86,26,0,37,27,18,89,0
5.5,25,45,9,95,14,52,110,29,0,40,29,12,126,1
9.0,25,45,4,92,15,59,60,9,0,17,31,9,114,0
7.0,25,45,20,103,24,68,93,28,0,37,36,12,130,1
7.5,25,45,31,104,24,50,86,31,0,27,16,110,128,0
7.2,25,45,11,90,31,79,85,20,0,38,46,8,137,1
7.0,25,45,12,100,18,49,99,13,0,22,16,10,153,1
6.8,25,45,8,39,24,32,99,21,0,30,22,7,100,0
6.8,25,45,11,87,24,37,97,18,2,35,26,8,110,0
8.0,25,45,7,121,17,56,87,10,1,19,20,10,122,0
7.5,25,45,17,128,13,68,87,11,0,16,44,52,211,1
7.8,25,45,15,99,39,40,67,22,0,41,32,27,77,0
7.2,25,45,11,96,26,58,141,25,0,55,31,14,122,0
6.0,25,45,13,108,20,85,81,20,1,33,52,10,147,0
9.3,25,45,25,97,62,34,71,22,0,32,7,104,135,1
5.2,25,45,15,73,19,100,74,47,1,32,63,17,119,0
6.5,25,45,9,54,11,21,87,28,0,48,14,10,63,0
7.9,25,45,9,103,22,67,60,22,5,17,33,40,126,0
5.4,20,30,12,91,6,50,64,8,0,19,28,9,92,1
6.0,20,30,10,79,14,47,52,14,1,13,36,14,99,1
5.8,20,30,13,98,8,82,90,13,0,18,58,1,147,1
6.0,20,30,17,75,6,114,44,10,3,7,33,14,174,0
7.0,20,30,23,53,12,23,35,70,0,33,6,9,67,0
6.0,20,30,13,69,18,59,75,14,0,18,46,8,137,0
6.5,20,30,10,90,8,48,57,9,0,4,22,13,123,1
5.7,20,30,14,77,6,33,59,9,0,13,25,13,143,0
5.0,20,30,15,84,8,55,65,15,0,19,35,9,119,1
4.7,20,30,14,85,7,78,62,11,0,13,49,13,110,1
5.6,20,30,19,47,6,47,32,7,0,8,32,4,63,0
4.8,20,30,12,117,6,65,61,2,0,1,25,5,125,0
4.8,20,30,20,100,6,85,117,26,0,32,52,21,199,0
5.0,20,30,10,74,12,55,62,5,0,5,35,6,113,1
6.3,20,30,19,64,13,55,65,27,0,28,29,6,92,0
5.0,20,30,15,54,5,45,51,13,0,18,26,11,77,0
5.5,20,30,10,82,14,60,59,22,0,31,31,13,141,0
4.8,20,30,10,57,6,31,98,10,0,12,17,5,106,0
6.5,20,30,23,92,34,50,95,26,0,22,39,25,152,0
5.6,20,30,25,77,16,45,74,23,0,35,36,30,99,0
4.5,20,30,18,117,14,60,75,27,0,33,29,10,127,0
5.7,20,30,7,88,8,29,60,5,0,4,17,14,105,1
6.0,20,30,14,94,9,67,81,8,0,2,23,6,133,0
9.0,35,50,5,58,49,46,67,8,0,11,11,33,123,1
8.5,35,50,8,111,30,31,104,4,0,4,14,23,108,1
7.9,35,50,4,129,49,38,87,16,0,22,8,36,173,1
9.2,35,50,7,86,15,80,52,6,0,9,22,13,140,1
8.0,35,50,4,95,74,25,67,13,0,22,4,41,127,1
7.2,35,50,7,89,18,48,59,9,2,21,17,11,102,0
8.0,35,50,13,88,12,41,93,13,2,23,20,15,189,0
8.0,35,50,19,115,15,108,79,13,0,13,58,29,141,1
5.75,25,40,22,90,12,92,65,9,1,3,53,12,151,1
7.5,25,40,8,114,13,111,72,12,0,17,68,14,170,0
5.8,25,40,13,134,10,85,85,9,0,7,35,15,159,0
6.0,25,40,16,77,4,87,50,2,0,6,61,18,126,0
5.4,25,40,4,44,4,27,33,5,0,2,17,3,75,1
5.2,25,40,17,93,4,66,67,16,0,14,26,3,124,0
5.5,25,40,3,35,2,20,18,3,0,4,8,2,38,0
7.5,20,40,9,115,28,31,52,5,0,6,10,173,88,1
6.4,20,40,2,79,11,45,72,13,1,25,27,105,81,1
6.1,20,40,14,112,26,51,69,9,0,20,27,119,93,0
6.0,20,40,9,80,11,48,44,4,0,3,28,58,91,1
6.2,20,40,19,104,18,60,89,25,0,28,37,118,133,0
6.8,20,40,3,44,2,23,32,6,0,4,14,78,51,1
8.0,20,40,22,70,24,60,59,23,0,19,45,86,100,0
5.7,20,40,6,66,5,28,23,1,1,3,6,102,61,1
7.0,20,40,6,79,5,27,46,8,4,12,8,124,64,1
6.3,20,40,8,80,6,54,55,9,0,14,25,64,99,0
5.9,20,40,7,87,10,40,56,14,2,16,30,101,92,0
8.5,20,40,15,73,20,37,33,13,0,12,25,131,75,0
4.7,20,40,1,41,7,30,25,3,2,5,14,45,54,1
5.0,20,40,4,18,0,3,10,1,0,1,2,33,22,0
5.8,20,40,12,93,9,35,48,3,0,7,17,101,102,1
5.2,20,40,1,46,3,8,29,0,0,0,8,34,49,0
8.6,5,70,6,24,16,17,20,7,3,65,20,51,47,0
7.0,5,70,13,44,16,11,51,13,0,78,18,71,50,0
4.5,5,70,19,26,11,15,28,20,1,117,16,100,58,0
8.0,5,70,7,42,25,10,44,12,0,95,9,138,48,0
5.0,5,70,16,23,11,13,16,15,1,93,16,66,46,0
16.3,5,70,7,40,78,13,83,11,0,72,5,79,53,0
8.5,5,70,4,54,19,22,50,14,1,108,29,122,57,1
6.7,5,70,11,47,7,14,36,13,2,92,19,118,40,0
6.0,5,70,4,41,5,12,16,7,0,84,14,85,35,0
5.4,5,70,5,24,1,8,26,8,0,74,8,59,42,0
5.9,5,70,9,37,8,15,43,18,5,90,27,75,59,0
10.0,5,70,9,53,22,24,43,2,3,71,7,111,67,1
6.0,5,70,38,43,8,22,25,119,1,125,13,74,37,0
8.4,5,70,11,31,15,5,33,23,2,117,7,102,37,1
8.4,5,70,11,29,19,16,41,19,1,88,13,75,23,0
7.6,5,70,13,87,10,38,62,2,0,69,24,68,95,0
6.0,5,70,10,26,10,37,26,25,0,97,42,72,40,0
9.0,5,70,4,48,41,22,29,4,0,76,18,82,72,0
5.5,5,70,14,53,10,16,57,14,2,122,20,155,73,0
7.0,5,70,4,63,18,37,70,20,1,91,24,79,93,0
9.0,5,70,3,47,25,9,50,4,3,63,8,98,80,0
11.3,25,50,12,47,46,22,90,26,0,63,13,11,88,1
10.0,25,50,6,43,39,15,120,27,2,93,14,38,86,0
10.0,25,50,19,56,39,20,99,39,1,67,20,40,62,1
10.0,25,50,13,40,36,15,110,35,0,80,19,54,52,1
10.0,25,50,6,48,59,21,129,41,0,86,18,20,71,0
12.0,25,50,6,48,65,24,110,34,0,83,28,24,40,0
11.8,25,50,12,43,56,11,91,26,0,75,10,23,45,0
10.0,25,50,13,59,35,21,108,30,0,84,7,16,73,1
10.5,25,50,5,45,63,25,119,35,0,84,19,19,69,0
8.0,25,50,11,30,38,8,91,36,1,92,8,3,29,0
11.8,25,50,9,52,94,16,98,29,0,59,11,29,60,0
11.0,25,50,6,54,33,13,116,33,0,71,17,24,68,0
11.0,25,50,7,71,55,30,92,29,0,64,12,27,60,0
12.5,25,50,10,47,77,12,155,51,0,124,22,35,49,0
11.0,25,50,10,49,47,19,100,32,1,62,12,30,55,1
12.0,25,50,6,51,46,15,97,38,0,61,16,17,50,0
10.5,25,50,8,56,56,18,145,42,0,88,12,26,64,1
10.5,25,50,7,166,42,23,219,28,0,61,10,17,137,1
10.0,25,50,11,62,60,16,180,50,0,115,24,35,72,0
12.0,25,50,14,65,83,8,133,74,0,88,20,42,58,0
5.2,25,45,4,19,6,27,35,12,0,11,34,3,55,0
6.75,25,45,10,32,14,46,60,23,0,24,56,6,81,0
6.8,25,45,14,59,19,92,74,58,0,81,122,9,101,1
7.2,25,45,16,64,15,70,67,40,0,61,100,10,103,1
5.3,25,45,9,27,12,60,54,21,0,36,82,7,75,0
5.8,25,45,17,32,10,32,76,19,0,20,36,6,93,0
7.4,25,45,21,45,13,67,66,41,0,56,94,5,78,1
5.3,25,45,13,38,6,51,40,22,1,28,60,3,69,0
5.1,25,45,24,47,13,98,61,36,0,44,135,6,111,0
6.1,25,45,12,41,3,55,66,38,0,44,79,7,74,0
6.1,25,45,19,49,9,50,56,30,0,26,75,14,96,0
5.0,25,45,7,34,4,36,33,30,0,32,46,0,56,0
6.8,25,45,20,40,11,71,55,34,0,45,94,16,61,0
6.2,25,45,6,55,15,82,51,26,0,30,107,9,112,0
6.8,25,45,15,34,15,89,38,28,0,30,85,3,89,1
5.7,25,45,22,42,6,56,69,29,1,33,82,11,97,0
6.9,25,45,14,51,12,96,77,59,1,76,122,29,98,1
6.9,25,45,19,46,9,55,78,21,0,40,66,4,77,0
6.5,25,45,14,52,13,62,71,36,0,39,80,10,91,0
5.7,25,45,16,47,11,51,67,28,0,26,63,22,97,0
6.5,25,45,8,22,5,47,37,50,0,53,62,6,40,1
10.0,55,85,17,48,30,68,70,51,1,67,92,7,96,0
8.5,55,85,12,57,26,123,68,47,0,64,172,0,95,0
9.6,55,85,15,66,18,99,135,60,1,97,129,18,105,0
8.6,55,85,12,55,17,67,74,29,0,40,74,7,89,0
9.5,55,85,17,55,34,72,72,28,0,23,94,2,109,0
9.5,55,85,20,65,31,85,87,33,0,32,97,4,132,0
7.0,55,85,10,51,18,73,62,30,4,33,93,8,119,0
9.0,55,85,16,62,40,82,71,25,0,38,118,5,78,0
8.2,55,85,16,37,3,61,23,17,0,20,76,2,44,0
8.0,55,85,9,12,0,21,9,10,0,12,29,0,22,1
3.8,20,30,9,18,5,24,29,6,1,3,30,7,51,0
4.3,20,30,5,66,6,19,35,6,0,11,25,3,67,0
5.8,20,30,22,43,7,30,63,18,1,14,41,9,112,0
5.8,20,30,11,26,8,13,55,24,0,28,15,0,60,0
4.3,20,30,15,40,5,50,48,15,2,18,68,2,99,0
4.5,20,30,11,21,6,31,55,13,1,15,49,3,73,0
5.5,20,30,9,31,6,34,38,24,0,20,55,2,80,0
6.0,20,30,23,60,11,46,93,14,1,16,52,12,166,0
5.65,20,30,13,37,9,37,71,28,0,39,51,4,97,0
6.5,20,30,14,39,13,26,93,40,0,43,30,1,110,0
4.4,20,30,35,62,10,53,100,29,0,28,60,9,149,0
5.5,20,30,18,47,12,32,95,18,0,23,44,2,114,0
5.5,20,30,18,57,6,44,76,15,0,23,53,11,109,0
3.8,20,30,8,87,6,16,46,18,1,17,25,2,79,0
5.6,20,30,5,17,3,24,27,2,0,3,35,5,70,0
5.5,20,30,21,33,4,38,51,19,0,21,55,5,78,0
5.9,20,30,20,51,11,31,102,22,0,30,49,5,119,0
7.3,20,30,11,32,18,27,66,18,0,16,32,2,70,0
5.0,20,30,14,38,9,30,52,11,1,8,43,7,72,1
5.5,20,30,24,43,6,56,39,38,0,34,82,7,83,0
4.8,20,30,10,35,8,30,51,19,0,18,42,1,64,0
5.0,20,30,18,47,8,36,79,20,0,21,42,8,96,0
4.3,20,30,16,45,7,45,71,29,2,30,56,5,98,0
5.0,20,30,19,55,10,36,67,19,0,26,53,6,103,0
5.6,20,30,23,43,5,41,66,24,1,27,66,22,102,0
4.9,10,20,26,47,9,35,45,30,1,31,55,46,123,0
5.3,10,20,27,47,7,15,41,28,2,32,16,40,86,0
5.2,10,20,18,24,7,17,27,39,3,27,18,14,41,0
4.9,10,20,8,25,6,7,30,37,0,41,15,24,48,0
6.4,10,20,2,30,1,6,21,10,0,17,7,32,54,1
6.0,10,20,2,5,1,6,4,3,0,5,8,4,26,0
5.8,10,20,0,4,0,0,0,0,0,0,0,2,9,1
5.2,10,20,2,9,4,2,10,10,0,12,5,8,23,0
4.8,10,20,0,7,0,0,13,4,0,5,1,4,17,0
5.1,10,20,0,0,0,0,0,0,0,0,0,0,0,0
5.4,10,20,0,3,1,0,2,2,0,9,0,7,14,0
6.4,10,20,6,11,2,6,10,9,0,7,6,4,12,0
8.0,10,80,11,51,19,66,47,28,0,27,107,40,132,1
12.0,10,80,11,52,102,18,71,14,1,19,11,28,161,1
5.6,10,80,10,48,8,58,39,39,0,42,71,13,111,0
6.7,10,80,28,92,13,55,116,54,0,77,62,49,175,0
6.5,10,80,22,65,13,68,59,58,0,65,114,39,139,0
5.5,10,80,40,32,7,65,22,62,4,72,117,27,103,1
5.2,10,80,26,50,11,35,45,30,2,31,46,27,141,1
3.8,10,80,18,30,4,42,22,48,3,48,57,32,95,0
5.6,10,80,18,41,6,34,99,27,1,23,47,22,177,0
7.5,10,80,17,31,7,67,27,46,0,57,89,18,75,0
5.5,10,80,21,32,8,72,26,45,1,53,96,27,103,1
8.0,25,35,6,57,23,39,78,22,0,35,21,16,104,0
6.8,25,35,3,33,67,16,62,6,0,24,15,23,49,0
7.2,25,35,9,44,27,22,79,24,2,56,28,11,87,1
6.5,25,35,11,46,25,18,83,13,0,15,24,13,93,1
8.0,25,35,4,57,37,32,82,19,0,52,65,20,97,1
8.0,25,35,4,36,23,22,67,17,3,27,23,14,93,0
6.3,25,35,9,47,18,15,56,11,0,14,15,39,66,0
9.5,25,35,13,67,59,31,217,29,0,61,54,28,189,0
8.2,25,35,8,54,43,18,92,16,1,26,17,48,117,0
7.2,25,35,6,36,27,32,55,10,0,24,33,28,90,1
7.0,25,35,14,67,41,64,97,18,2,36,59,23,126,0
10.0,25,35,12,66,73,17,122,26,1,39,15,18,103,0
7.5,25,35,5,64,39,23,73,8,1,13,32,16,109,1
7.0,25,35,13,62,32,23,110,33,0,37,25,13,113,0
7.55,25,35,7,68,75,21,70,5,0,6,27,38,151,0
6.7,25,35,12,61,30,28,111,25,0,41,37,14,119,0
7.6,25,35,9,38,36,24,60,21,0,22,50,50,95,0
10.0,25,35,13,89,64,33,104,33,0,33,39,27,130,1
8.2,25,35,7,59,43,35,137,47,0,76,50,15,128,0
6.0,9,25,10,27,13,20,57,3,0,15,18,10,69,0
6.8,9,25,5,40,19,24,94,13,2,26,22,6,103,0
6.0,9,25,7,42,20,23,61,17,0,21,31,13,131,0
4.6,9,25,14,62,5,29,66,31,0,34,18,7,72,0
4.6,9,25,12,40,10,21,47,29,0,29,43,12,64,0
5.2,9,25,14,52,13,37,68,14,2,14,37,17,113,0
5.3,9,25,15,49,20,27,103,28,0,25,29,11,137,0
4.8,9,25,19,55,18,23,85,37,1,32,31,11,122,0
7.0,9,25,22,55,31,44,92,39,0,52,50,12,115,0
4.5,9,25,7,48,7,33,73,18,0,18,44,12,128,0
10.0,9,25,16,94,82,35,96,31,1,50,15,50,105,0
4.1,9,25,9,45,15,41,70,19,0,18,44,21,112,0
5.0,9,25,11,40,10,27,88,13,0,18,38,14,101,0
4.7,9,25,11,85,15,63,92,23,0,30,69,19,148,0
5.2,9,25,12,67,19,42,98,28,0,36,42,12,120,1
5.0,9,25,22,45,21,20,85,27,1,24,33,14,86,0
4.2,9,25,16,84,6,32,86,20,1,26,39,13,139,0
5.3,9,25,13,46,11,29,57,15,0,15,41,7,103,0
5.5,9,25,7,16,2,12,8,4,0,1,12,3,21,0
5.4,9,25,4,17,1,56,12,1,0,1,8,0,76,0
4.7,9,25,9,32,16,19,41,13,0,18,14,6,62,1
9.0,20,30,14,74,14,60,48,11,1,29,52,117,108,1
6.5,20,30,17,42,6,27,47,21,0,28,34,104,62,0
11.0,20,30,14,48,30,34,107,14,7,35,31,97,86,0
7.79,20,30,29,64,29,38,98,32,1,32,21,139,145,0
10.0,20,30,8,93,33,44,57,4,3,13,24,62,99,1
11.6,20,30,7,111,64,46,96,11,1,26,12,82,131,1
8.4,20,30,14,87,25,39,76,12,5,16,38,113,112,0
4.5,20,30,14,25,8,8,45,29,0,27,10,70,46,0
8.2,20,30,10,66,27,36,44,10,2,6,22,140,81,0
5.4,20,30,14,37,8,20,42,10,2,9,12,123,72,0
8.0,20,30,12,94,16,35,62,11,0,13,20,87,107,0
6.4,20,30,9,68,12,21,50,8,1,13,7,81,102,0
6.4,20,30,12,51,36,24,108,14,0,14,26,48,84,0
7.0,20,30,13,38,39,17,21,11,5,13,16,91,40,0
6.5,20,30,4,32,5,11,20,2,1,2,5,99,45,0
6.5,20,30,24,48,11,27,61,54,2,50,37,84,60,0
4.5,20,30,4,16,6,2,25,4,1,4,43,32,25,0
7.5,20,30,10,28,6,13,34,11,0,9,12,46,43,0
5.6,20,30,10,24,14,13,28,4,0,2,17,88,57,0
5.0,20,30,4,16,4,7,14,25,0,31,7,63,45,0
4.5,3,6,25,21,10,7,37,85,3,79,10,3,25,0
4.0,3,6,48,24,10,3,28,200,6,62,9,4,27,1
3.0,3,6,37,27,4,6,44,130,2,55,7,0,33,0
3.0,3,6,39,23,9,7,40,127,2,66,5,1,34,0
4.5,3,6,41,29,4,2,69,164,0,110,44,0,37,0
7.0,20,25,23,42,8,3,89,152,0,88,3,5,38,1
5.5,20,25,21,32,8,9,73,122,0,82,12,3,30,0
10.9,20,25,28,38,15,5,71,126,1,88,9,9,28,1
8.0,20,25,30,44,16,10,100,129,0,96,9,2,52,1
7.1,20,25,43,30,6,3,32,131,0,66,5,7,13,1
10.0,20,25,57,48,27,12,125,202,1,132,26,28,47,1
4.5,20,25,24,34,7,5,97,107,0,85,17,4,46,0
8.5,20,25,39,30,13,4,43,133,0,67,4,7,14,1
8.0,20,25,25,32,6,9,45,95,1,62,10,5,25,1
8.0,20,25,30,51,15,22,124,148,0,109,9,12,52,0
5.7,20,25,48,38,14,10,80,172,3,97,25,12,44,1
7.2,20,25,51,48,26,14,102,213,1,106,18,11,61,0
5.5,20,25,65,35,15,11,50,230,0,72,4,8,28,0
8.5,20,25,54,71,29,6,101,166,0,89,20,15,86,1
6.0,20,25,5,12,4,4,8,25,0,15,3,2,5,1
5.0,20,25,27,44,9,6,123,148,0,99,7,1,49,0
8.0,20,25,28,10,4,0,34,104,0,66,2,16,12,1
6.2,10,25,30,32,9,5,87,94,0,70,5,3,18,0
6.0,10,25,28,34,10,2,74,130,0,83,4,4,34,1
7.2,10,25,18,26,7,4,47,121,1,53,14,11,16,0
5.2,10,25,17,26,7,7,69,83,1,83,8,11,30,1
7.0,10,25,46,41,14,3,172,146,2,175,10,12,14,1
8.2,10,25,56,32,13,10,52,158,0,107,9,22,29,1
6.5,10,25,30,35,17,4,102,127,0,95,7,8,35,0
5.1,10,25,32,36,16,6,124,154,0,113,9,17,23,1
6.8,10,25,37,26,7,2,91,140,0,131,13,13,28,0
6.2,10,25,32,46,37,10,92,171,0,100,12,11,26,0
8.0,10,25,60,42,24,10,99,238,0,126,10,23,44,1
8.0,10,25,32,37,12,1,43,151,0,80,5,4,13,0
6.0,10,25,27,47,10,2,61,102,3,43,2,8,31,0
5.17,10,25,49,39,7,6,52,162,0,80,7,9,17,1
4.5,10,25,42,26,8,3,57,162,1,72,5,2,21,0
6.1,10,25,10,19,9,0,31,109,0,35,10,0,9,0
4.5,10,15,38,33,10,12,42,129,36,63,58,11,74,1
5.2,10,15,44,39,10,10,31,100,48,57,45,21,65,1
14.7,50,80,5,69,69,41,83,9,0,36,8,24,134,1
10.5,50,80,4,101,27,62,88,10,1,15,29,9,137,1
11.4,50,80,20,82,28,64,65,8,0,30,18,7,115,1
12.9,50,80,6,65,28,82,48,3,0,8,9,26,143,1
9.1,50,80,6,70,11,101,46,16,0,26,84,9,95,1
18.0,50,80,7,76,71,67,102,26,0,56,22,20,129,0
9.5,50,80,16,85,30,43,72,10,0,17,19,18,105,1
9.2,50,80,6,83,22,87,42,7,1,6,30,2,116,0
10.2,50,80,5,69,21,42,52,9,0,17,3,90,79,1
19.5,50,80,3,70,95,25,106,17,1,43,3,30,126,1
9.0,50,80,22,76,14,53,82,33,4,29,33,17,111,1
9.5,50,80,5,103,20,78,51,5,0,6,39,14,141,1
8.6,50,80,3,50,13,20,37,1,2,68,9,52,76,1
9.5,50,80,15,138,25,66,98,5,0,11,39,48,137,0
8.8,50,80,13,119,26,85,61,6,0,17,50,14,115,1
11.5,50,80,4,139,46,46,73,4,2,8,16,158,126,1
10.9,50,80,11,109,23,93,92,15,1,28,19,19,174,1
19.6,50,80,6,82,51,27,69,7,0,14,5,25,88,1
10.8,50,80,9,87,78,26,50,5,0,8,12,20,112,1
8.1,50,80,11,73,20,64,54,13,0,19,49,8,98,1
10.0,50,80,5,108,17,70,87,2,0,1,18,8,126,0
11.9,50,80,3,80,38,24,75,4,0,5,4,11,109,1
14.9,50,80,7,111,68,33,74,3,1,4,16,79,133,1
5.8,35,60,6,130,8,81,109,6,0,9,53,11,143,1
6.4,35,60,9,72,23,95,72,12,0,13,67,6,132,1
5.2,35,60,13,73,14,84,50,10,0,11,37,21,104,0
6.5,35,60,9,91,10,49,55,6,0,6,24,39,85,0
6.5,35,60,7,112,20,62,63,7,2,13,32,49,108,1
6.3,35,60,10,77,10,91,50,7,0,9,65,11,111,0
6.4,35,60,23,91,11,98,33,7,0,1,19,10,147,0
5.75,35,60,15,83,11,95,47,14,0,10,23,7,139,0
7.4,35,60,14,111,14,121,72,6,0,10,32,13,192,1
5.0,35,60,9,91,12,53,60,9,0,10,18,4,105,0
6.0,35,60,20,79,6,62,59,9,0,9,31,9,114,0
5.6,35,60,5,65,4,84,17,3,0,0,20,2,93,0
5.4,35,60,14,71,7,91,28,6,0,5,15,3,126,1
5.5,35,60,6,78,5,75,44,6,0,3,7,7,128,1
5.3,35,60,21,71,8,88,32,12,0,7,18,19,175,1
6.7,35,60,8,80,31,83,58,5,0,5,16,116,127,0
6.5,35,60,13,95,6,110,53,13,0,1,28,14,174,1
5.8,35,60,11,77,12,82,46,14,1,13,45,10,97,0
4.6,35,60,13,89,10,53,139,21,0,74,12,4,114,0
5.7,20,40,15,101,6,52,72,13,1,18,40,2,99,1
4.0,20,40,21,105,23,91,76,16,2,21,50,46,144,0
5.2,20,40,24,70,9,54,62,39,0,35,24,29,98,0
7.0,20,40,7,100,8,51,75,5,0,12,20,10,106,1
4.8,20,40,24,104,8,64,56,4,1,15,29,15,126,1
4.6,20,40,21,108,8,90,53,14,2,9,38,15,127,0
4.6,20,40,20,99,14,54,74,11,1,9,25,3,123,0
6.0,20,40,11,63,9,67,62,15,0,19,48,8,96,0
4.5,20,40,20,92,13,63,46,18,0,13,41,8,115,0
6.6,20,40,21,115,14,63,49,7,0,2,19,19,140,1
4.9,20,40,11,72,3,52,35,18,0,21,29,13,83,1
5.5,20,40,4,83,7,52,202,6,0,14,18,18,211,0
5.5,20,40,12,76,11,51,49,12,1,7,17,15,93,0
4.5,20,40,18,89,9,89,61,10,0,13,32,19,125,0
6.0,20,40,15,101,7,113,58,16,1,25,55,18,131,0
6.4,20,40,17,93,3,77,45,12,0,13,45,10,115,0
4.8,20,40,10,83,6,87,48,4,0,3,30,12,139,0
6.8,20,40,11,59,57,40,39,7,0,6,15,21,108,1
6.1,20,40,5,45,1,25,34,0,6,1,14,8,67,1
4.7,20,40,9,68,6,31,65,54,3,42,9,15,78,0
5.0,20,40,15,94,5,50,67,9,1,4,16,10,143,0
4.6,20,40,14,71,5,68,43,7,1,11,31,10,107,0
4.5,20,40,18,92,7,64,46,19,0,17,40,9,86,0
7.5,30,70,20,120,27,99,97,24,0,35,50,16,154,1
8.8,30,70,4,81,22,46,73,10,0,11,12,7,104,1
7.0,30,70,8,40,17,21,20,35,0,71,13,169,38,0
7.5,30,70,5,59,30,49,101,17,0,41,19,5,69,0
7.0,30,70,17,84,9,52,61,12,0,16,28,7,97,1
7.5,30,70,12,95,12,61,57,3,4,4,26,11,136,0
8.0,30,70,22,106,22,125,71,15,0,21,100,22,124,0
7.0,30,70,12,118,9,104,70,9,0,6,53,11,162,1
7.6,30,70,27,96,32,82,109,27,0,48,42,22,134,0
8.0,30,70,20,115,24,68,105,31,0,50,33,19,138,1
5.5,30,70,3,52,11,31,63,21,0,27,13,4,82,0
8.5,30,70,19,86,21,45,64,22,12,25,29,7,90,0
7.6,30,70,15,93,15,78,55,8,0,8,30,6,130,0
7.0,30,70,14,93,13,61,52,8,0,3,23,19,111,1
5.9,30,70,19,97,2,60,74,14,0,17,35,13,129,1
7.6,30,70,16,110,37,70,109,44,0,48,28,17,122,0
7.3,30,70,23,90,8,64,53,9,0,13,26,3,108,1
5.8,30,70,10,79,8,35,45,3,18,4,16,8,90,1
7.6,30,70,3,52,10,31,30,2,0,2,17,3,67,1
7.5,30,70,12,93,27,75,117,50,0,48,38,8,111,0
7.5,30,70,6,34,11,38,22,7,3,10,17,10,47,0
6.3,30,70,13,51,5,36,31,6,1,7,18,10,55,1
4.2,30,40,12,52,5,30,13,3,0,6,18,1,36,0
5.6,30,40,29,80,12,59,50,15,0,9,34,4,96,0
4.0,30,40,15,98,9,36,38,5,0,3,18,4,76,0
5.4,30,40,21,74,10,54,49,6,0,8,35,13,94,0
4.3,30,40,21,73,6,76,39,8,0,9,43,6,115,0
6.5,30,40,27,93,8,97,65,24,0,31,88,7,113,1
4.1,30,40,23,62,3,31,17,3,0,1,14,6,51,1
5.2,30,40,16,95,8,51,58,11,0,15,23,9,97,0
5.5,30,40,8,94,6,62,47,6,2,3,26,6,104,0
4.7,30,40,18,90,8,98,56,13,0,11,57,6,134,0
3.7,30,40,19,94,5,39,24,3,0,2,22,7,63,1
4.2,30,40,18,77,16,68,45,2,1,6,17,6,125,0
4.4,30,40,16,77,2,44,29,8,0,1,22,3,84,0
5.2,30,40,17,84,14,51,68,6,14,12,39,10,107,0
4.9,30,40,28,78,3,64,30,5,0,3,29,17,93,0
5.0,30,40,20,75,7,70,65,23,0,19,53,2,102,0
4.5,30,40,19,80,11,59,46,6,0,12,36,8,100,0
5.0,30,40,36,87,19,86,54,13,2,13,56,22,123,0
3.6,30,40,23,92,2,56,30,2,0,0,31,7,63,0
5.5,30,40,43,84,8,68,55,7,0,7,49,8,101,0
5.5,30,40,30,128,8,68,58,7,0,8,29,12,104,1
6.0,30,40,27,108,11,94,71,9,0,4,65,28,144,0
5.5,30,40,33,73,7,46,34,13,0,4,22,61,87,0
5.0,30,40,23,78,8,56,42,10,0,9,35,8,98,0
5.0,30,40,12,87,7,65,45,4,0,2,24,17,116,0
5.73,30,40,16,90,7,51,54,16,0,17,21,10,96,0
5.5,30,40,40,77,10,83,60,20,0,21,54,45,132,0
6.5,30,40,20,106,26,71,85,22,0,38,49,20,115,1
4.8,30,40,43,100,7,76,52,10,1,16,44,12,114,0
4.7,30,40,33,58,15,66,33,11,0,9,22,10,84,0
5.0,30,40,16,65,6,45,32,7,0,4,26,4,66,0
5.8,20,40,15,111,9,78,65,11,0,14,49,16,152,1
7.5,20,40,10,87,13,107,62,16,0,25,38,16,138,1
5.8,20,40,12,57,8,46,56,14,0,22,18,4,121,1
4.95,20,40,18,102,6,75,56,6,1,7,39,9,151,0
5.0,20,40,10,72,21,55,54,9,0,16,34,3,132,1
6.3,20,40,14,64,1,42,43,11,0,11,19,4,94,0
7.0,20,40,7,125,5,77,75,2,0,8,48,7,160,1
5.2,20,40,8,81,6,58,51,2,0,8,24,3,148,0
7.0,20,40,12,96,10,67,61,10,0,18,38,15,142,0
7.0,20,40,12,90,22,55,53,2,0,0,30,51,129,1
7.5,20,40,13,57,15,84,32,11,3,10,25,102,111,0
5.4,20,40,13,108,7,67,68,2,1,8,19,6,132,0
7.5,20,40,8,67,19,59,122,17,2,87,52,6,128,0
8.0,20,40,4,71,10,42,36,4,0,8,24,4,93,0
6.0,20,40,15,83,4,129,43,11,0,10,50,4,151,1
5.8,20,40,15,99,10,74,41,5,0,5,13,9,156,0
6.3,20,40,20,175,22,104,113,12,2,6,67,21,239,1
13.0,50,90,7,74,66,33,62,6,0,18,11,20,105,1
15.0,50,90,5,85,24,48,102,16,0,26,5,27,110,1
12.0,50,90,13,122,30,107,118,31,0,80,74,30,163,1
11.0,50,90,2,75,28,54,71,10,0,19,18,8,112,1
11.8,50,90,9,137,23,105,115,15,0,41,55,19,168,1
9.7,50,90,10,106,23,77,77,6,0,13,47,16,119,1
13.0,50,90,10,116,38,73,102,27,1,63,39,19,123,1
11.5,50,90,5,87,19,96,49,5,0,10,64,29,112,1
9.75,50,90,6,113,16,79,89,18,2,30,30,14,141,1
8.5,50,90,9,115,20,39,68,11,0,26,15,13,111,1
11.0,50,90,18,144,37,127,82,16,1,24,102,25,164,0
10.5,50,90,7,95,13,92,69,12,0,23,63,7,114,0
10.5,50,90,11,86,34,65,87,10,0,24,26,15,148,1
10.2,50,90,7,104,22,54,66,12,0,22,22,15,90,0
9.0,50,90,11,94,19,77,77,11,1,27,27,14,126,1
8.0,15,25,5,124,9,66,90,20,0,14,38,13,117,1
9.2,15,25,5,107,27,22,71,15,2,10,6,127,124,1
5.3,15,25,6,134,5,51,82,12,0,8,12,5,98,0
6.0,15,25,2,109,7,25,96,8,0,54,16,27,84,1
7.2,15,25,8,155,13,48,90,12,0,14,20,17,147,1
4.9,15,25,7,102,5,39,72,14,1,4,25,7,87,1
5.8,15,25,9,85,9,43,63,18,2,5,15,1,98,0
10.0,40,100,3,39,38,50,147,24,0,47,59,5,78,0
9.6,40,100,11,33,29,56,65,33,0,44,70,6,59,0
14.5,40,100,7,93,97,35,120,25,0,54,17,26,130,1
12.5,40,100,8,57,101,16,95,14,0,37,11,27,130,1
10.0,40,100,13,61,39,37,118,54,0,73,48,20,98,0
9.0,40,100,12,45,38,39,77,34,0,35,58,10,102,0
8.7,40,100,10,132,24,46,124,16,0,22,25,22,169,0
8.0,40,100,12,21,28,40,52,23,0,25,44,4,57,0
11.5,40,100,8,40,54,13,87,34,0,50,8,36,70,1
14.7,40,100,8,50,83,16,81,26,0,30,5,17,83,0
8.75,40,100,16,57,23,82,93,67,1,81,116,8,107,0
10.0,40,100,12,58,39,26,108,24,1,46,18,49,82,1
8.0,40,100,10,35,27,52,61,28,1,31,59,0,65,0
12.0,40,100,12,59,91,24,144,29,0,47,9,27,158,0
12.0,40,100,7,37,39,16,179,13,0,16,14,5,141,1
8.0,40,100,23,73,45,110,103,47,1,56,125,19,119,0
7.8,40,100,10,59,21,24,46,4,0,6,13,6,71,0
11.0,40,100,7,50,52,54,94,24,0,34,67,14,99,0
8.0,40,100,12,32,33,57,96,61,0,102,62,1,76,0
9.1,40,100,15,75,83,34,67,12,0,18,18,25,136,0
7.0,40,100,6,19,23,39,42,13,0,22,49,7,37,0
9.0,40,100,14,34,27,13,147,55,0,97,14,4,55,0
7.0,40,100,8,66,33,65,84,31,0,47,81,26,154,0
20.0,40,100,11,59,106,23,151,61,1,90,16,56,69,0
12.0,40,100,6,83,62,38,96,22,0,24,19,27,129,1
12.0,40,100,7,56,50,63,102,26,0,26,75,7,97,0
9.2,25,50,10,44,28,18,125,34,0,68,15,28,88,1
9.0,25,50,6,47,25,29,88,35,1,87,20,33,74,1
9.4,25,50,4,29,29,13,69,22,1,49,8,24,48,0
8.5,25,50,8,44,30,29,101,46,1,78,27,15,70,0
8.72,25,50,10,49,24,11,101,21,0,51,17,39,61,0
8.3,25,50,9,32,36,20,104,30,0,84,13,51,36,0
10.0,25,50,20,43,49,25,89,41,0,64,47,44,86,1
8.1,25,50,8,47,16,22,89,25,0,66,26,40,75,1
9.0,25,50,13,58,19,20,95,45,0,64,22,18,57,1
8.0,25,50,13,52,25,15,100,33,0,58,31,45,88,0
9.0,25,50,13,42,27,15,92,118,0,80,11,23,56,1
11.0,25,50,9,55,58,29,119,41,0,80,36,27,67,0
9.0,25,50,6,39,48,6,72,30,0,68,4,14,47,0
8.5,25,50,10,60,40,24,127,23,2,81,26,30,92,1
10.5,25,50,12,52,50,24,92,28,0,58,12,38,89,0
9.0,25,50,13,59,22,16,130,53,0,79,16,27,79,1
8.0,25,50,17,47,27,23,73,54,0,51,23,20,64,0
9.0,25,50,13,72,45,19,124,47,0,91,15,66,75,1
9.0,25,50,10,45,28,17,92,21,1,53,18,18,72,1
9.5,25,50,17,52,38,22,122,33,0,80,18,34,81,1
10.0,25,50,6,31,29,32,101,37,1,63,36,33,65,1
9.1,25,50,14,62,20,32,136,40,0,92,46,35,83,0
8.0,25,50,11,32,50,24,80,37,1,49,27,25,58,0
9.0,25,50,10,37,41,20,87,41,0,69,15,54,54,1
7.5,25,50,16,60,23,31,130,45,0,80,36,14,106,0
8.5,25,50,13,51,25,16,109,45,0,84,22,28,54,0
8.2,25,50,6,41,37,17,87,32,0,60,24,19,53,0
11.5,25,50,19,61,39,19,124,52,0,89,9,26,93,1
8.5,20,40,19,31,35,41,41,52,1,61,49,31,27,1
8.5,20,40,20,21,33,16,44,43,0,56,28,34,24,1
7.0,20,40,17,23,9,18,59,71,1,63,25,49,47,0
7.5,20,40,23,39,26,30,42,45,3,57,51,41,36,1
7.6,20,40,11,23,11,8,45,34,1,32,16,21,32,0
8.5,20,40,21,32,16,57,52,58,0,90,65,41,24,1
9.5,20,40,13,27,34,25,53,40,0,47,41,32,27,1
7.5,20,40,14,47,19,25,117,33,0,64,45,29,69,0
8.5,20,40,26,41,37,24,58,65,0,90,42,37,36,1
7.0,20,40,20,27,23,8,68,41,1,62,20,21,59,0
7.0,20,40,24,48,26,33,94,74,2,103,43,19,47,0
7.8,20,40,23,48,51,54,83,86,1,105,65,60,54,0
7.2,20,40,10,23,15,15,54,28,1,36,19,24,27,0
8.5,20,40,29,44,31,29,90,64,3,92,62,48,71,1
8.0,20,40,10,24,28,28,70,43,1,42,29,15,31,0
12.9,20,40,21,37,96,5,130,71,0,119,0,35,70,0
8.0,20,40,30,33,11,33,97,118,0,84,53,8,37,0
10.0,20,40,18,38,28,16,68,56,1,79,24,25,34,1
8.0,20,40,13,25,23,19,84,21,1,22,41,13,84,0
8.5,20,40,15,36,39,32,61,51,5,61,49,20,46,0
9.5,20,40,15,49,61,22,115,82,0,103,46,79,45,1
8.5,20,40,13,36,49,10,46,58,0,70,20,55,35,0
10.5,20,40,10,40,39,28,63,37,0,53,46,71,36,0
9.5,20,40,21,26,18,25,74,48,2,48,46,13,50,1
8.19,40,60,9,40,88,25,49,10,2,13,21,23,128,0
11.0,40,60,11,60,41,18,126,24,0,42,21,62,91,0
6.3,40,60,16,63,25,50,81,36,0,41,58,11,136,1
7.0,40,60,7,58,19,34,73,11,2,13,33,4,93,0
7.0,40,60,10,53,52,59,72,20,0,39,62,3,110,0
6.6,40,60,6,34,33,29,73,25,0,34,34,10,87,0
6.3,40,60,4,46,27,32,72,28,0,47,34,14,80,0
6.5,40,60,17,52,23,33,59,23,0,28,46,5,82,0
5.7,40,60,27,69,28,74,96,39,1,46,62,22,140,0
6.5,40,60,16,42,36,42,97,47,0,77,67,17,114,0
9.0,40,60,9,45,81,28,122,54,1,64,49,22,108,0
10.0,40,60,6,82,29,68,91,25,0,36,35,19,159,1
6.0,40,60,15,44,22,49,70,40,2,56,76,16,105,0
7.7,40,60,10,47,39,31,102,35,0,43,35,7,102,0
6.3,40,60,15,53,32,46,59,32,0,35,54,25,77,0
5.5,40,60,18,68,22,38,83,24,0,41,35,13,102,0
7.75,40,60,18,51,25,29,67,25,2,30,39,45,88,0
7.2,40,60,17,63,48,51,119,54,0,66,55,16,106,0
5.3,40,60,15,69,25,40,79,25,1,35,40,7,114,0
5.5,40,60,11,68,22,39,67,20,2,31,46,37,111,0
7.5,40,60,8,34,35,22,93,37,0,45,27,2,88,0
5.6,40,60,11,60,17,40,81,30,1,34,45,19,97,0
7.0,40,60,10,54,74,13,74,23,0,31,16,28,81,0
5.8,40,60,16,56,30,63,116,42,0,60,86,14,113,0
6.7,40,60,8,46,24,38,67,24,0,16,31,5,97,0
5.4,40,60,12,88,18,72,70,30,1,34,77,23,107,0
5.8,40,60,17,62,13,60,63,41,0,29,77,14,85,0
9.0,20,40,14,41,18,12,40,44,2,62,31,53,36,1
9.5,20,40,3,30,26,8,26,10,0,39,14,45,30,0
9.5,20,40,13,53,30,26,53,25,0,56,36,37,37,1
8.4,20,40,18,42,18,17,52,36,1,66,26,23,46,1
10.0,20,40,13,34,33,5,69,56,0,71,11,23,24,0
8.0,20,40,19,37,26,28,73,46,2,50,51,32,57,0
9.0,20,40,16,36,22,20,68,45,0,75,42,32,26,1
8.1,20,40,15,30,14,8,30,19,0,22,15,35,35,0
8.0,20,40,21,28,21,26,75,51,0,80,46,44,39,1
9.5,20,40,17,32,18,24,105,58,0,84,42,28,49,0
10.0,20,40,15,38,30,22,96,55,0,84,39,37,53,0
9.0,20,40,24,29,18,19,58,52,0,68,24,23,27,0
11.0,20,40,30,45,120,43,154,129,0,148,60,34,91,0
8.5,20,40,19,30,33,29,62,65,0,61,54,35,44,0
7.5,20,40,16,35,16,15,63,55,1,78,26,54,39,1
11.0,20,40,11,30,45,16,64,60,0,66,22,35,29,1
8.0,20,40,20,43,39,19,72,87,0,98,28,47,39,0
7.7,20,40,24,51,40,17,69,83,0,107,35,38,33,1
8.4,20,40,8,22,16,6,79,42,0,57,11,23,39,0
11.0,20,40,13,54,22,19,91,45,4,80,56,50,55,1
5.0,10,35,26,46,5,100,55,40,0,54,113,3,112,0
7.0,10,35,8,59,10,29,34,12,0,12,14,21,81,0
5.2,10,35,18,60,6,32,33,6,0,8,7,7,118,0
4.5,10,35,15,35,5,25,26,2,0,2,30,0,149,1
6.1,10,35,8,14,7,17,21,5,0,6,24,14,57,1
5.0,10,35,19,52,5,38,65,21,1,11,58,8,155,0
5.8,10,35,2,13,0,5,5,2,0,3,5,3,20,1
0.0,10,35,7,6,3,3,10,4,1,3,7,1,18,0
5.4,10,35,4,29,8,17,40,41,3,36,15,11,53,0
5.2,10,35,4,13,0,5,12,14,0,2,3,0,32,0
0.0,10,35,1,13,4,6,22,10,0,9,6,10,33,0
6.6,10,35,5,11,4,3,22,6,1,5,4,3,34,0
5.0,10,35,17,34,3,14,40,20,1,12,7,9,62,0
6.5,10,35,3,8,2,0,9,8,0,3,0,6,13,0
4.5,10,35,0,3,0,1,2,3,0,3,1,1,7,0
5.2,10,35,1,4,0,4,4,0,0,0,5,0,24,0
5.2,10,35,0,0,0,6,0,5,0,5,6,0,7,0
5.6,10,35,10,29,9,41,26,44,0,54,58,8,57,1
4.2,10,35,27,45,10,25,22,51,3,57,31,6,84,0
4.4,10,35,15,16,6,12,16,48,0,52,23,7,70,0
4.8,10,35,9,36,4,16,25,54,0,71,25,27,80,0
5.1,10,35,29,25,6,58,20,56,1,56,72,3,76,1
4.6,10,35,32,37,8,38,18,38,5,42,56,13,96,0
5.4,10,35,11,27,4,16,79,63,4,84,29,4,61,0
5.2,10,35,17,36,7,13,27,43,2,74,31,31,61,0
4.5,10,35,24,36,3,40,16,52,3,57,43,3,62,0
4.5,10,35,31,42,7,39,40,73,0,83,53,18,102,0
4.8,10,35,14,32,5,25,30,43,6,40,49,10,87,0
4.5,10,35,15,20,1,18,15,39,1,44,27,12,28,0
4.8,10,35,33,36,9,25,33,69,1,93,30,21,83,0
4.7,10,35,12,32,9,13,30,91,0,88,25,7,64,0
8.0,10,35,37,46,23,31,36,98,1,78,60,29,73,1
4.7,10,35,22,30,7,11,74,49,0,87,11,5,85,0
4.7,10,35,19,31,4,32,29,70,0,72,49,13,64,0
5.5,10,35,17,35,11,16,16,28,1,28,21,75,69,1
5.5,10,35,21,29,9,19,94,25,1,28,25,8,95,1
5.4,10,15,10,30,8,17,57,13,0,77,24,3,69,0
5.0,10,15,14,48,15,14,61,20,1,51,9,39,92,0
5.3,10,15,10,49,7,21,40,10,1,23,22,15,95,0
5.3,10,15,9,45,7,9,49,25,0,42,14,25,83,0
5.2,10,15,17,54,14,10,48,37,0,61,6,35,87,0
5.4,10,15,14,69,14,27,70,29,0,48,13,23,117,0
5.4,10,15,14,40,6,25,42,15,0,32,34,18,142,0
5.1,10,15,15,52,9,16,60,31,0,56,20,32,87,0
7.4,10,15,11,71,35,54,62,23,0,45,25,14,97,0
5.0,10,15,8,35,3,17,52,40,0,44,14,19,86,0
4.7,10,15,9,55,4,29,53,18,0,27,21,12,114,0
5.4,10,15,9,51,11,32,65,23,0,39,40,23,114,0
5.5,10,15,7,33,8,11,53,16,0,42,10,26,76,0
5.5,10,15,16,39,19,18,54,26,2,49,16,28,86,0
5.3,10,15,14,51,11,17,33,30,1,44,12,31,92,0
5.0,10,15,22,35,7,8,30,20,0,33,10,14,60,0
5.0,10,15,17,63,7,16,57,31,0,58,12,20,93,0
5.5,10,15,11,34,13,9,36,22,0,38,13,41,64,1
6.0,10,15,16,32,14,33,33,46,0,47,45,12,64,0
4.8,10,15,24,61,10,12,52,45,1,58,13,46,79,0
6.0,10,15,20,46,16,17,60,51,0,85,17,71,70,1
5.4,10,15,9,41,12,10,33,30,1,40,10,23,68,0
5.2,10,15,5,26,8,3,19,16,0,25,6,24,38,0
6.0,10,15,10,40,7,8,53,19,0,41,19,16,70,1
0.0,10,15,27,37,9,9,58,64,4,62,13,29,74,0
6.0,10,15,14,45,8,12,34,15,1,40,5,57,55,0
5.0,10,15,20,23,16,6,20,36,0,77,11,25,32,1
4.9,10,15,12,28,9,32,23,55,4,74,56,34,66,0
4.8,10,15,7,19,7,10,9,17,1,36,17,47,28,1
5.1,10,15,19,40,4,11,25,16,1,51,11,37,44,0
5.4,10,15,21,36,10,18,39,75,1,73,20,20,66,0
4.9,10,15,10,32,10,7,16,18,0,40,14,34,33,0
5.3,10,15,10,64,16,3,33,40,0,78,8,30,37,1
5.35,10,15,13,36,6,3,18,31,1,52,6,33,38,1
5.4,10,15,10,29,13,14,37,42,1,77,13,36,62,1
5.0,10,15,19,43,10,15,21,35,0,56,25,32,49,0
5.0,10,15,11,29,6,8,24,34,1,58,8,34,47,0
5.2,10,15,15,37,19,18,23,48,1,76,21,25,33,1
6.2,10,15,29,27,14,39,35,53,4,61,53,29,84,1
5.3,10,15,7,20,24,6,27,27,0,52,8,25,41,0
4.9,10,15,11,23,7,8,19,68,0,72,21,22,32,0
5.0,10,15,22,41,15,10,27,52,0,78,14,40,79,1
5.0,10,15,21,49,13,14,27,42,0,74,19,55,45,1
5.5,10,15,9,50,17,12,51,35,0,90,21,52,59,1
5.0,10,15,12,38,9,12,23,37,0,62,25,30,52,0
5.4,10,15,18,39,10,12,57,82,2,107,22,34,56,1
4.5,10,15,22,45,11,12,52,32,0,65,12,58,69,0
5.3,10,15,28,40,13,16,46,33,4,50,34,10,101,0
5.1,10,15,19,42,5,9,29,23,0,52,12,31,52,0
4.8,10,15,32,41,7,43,16,37,2,40,56,13,81,0
5.0,10,15,33,49,9,20,49,52,1,64,25,33,68,0
5.7,10,15,17,28,8,12,20,40,2,62,16,10,49,0
5.5,10,15,16,40,17,19,47,47,0,65,27,33,60,1
4.8,10,15,8,13,1,3,7,7,0,13,3,5,24,1
0.0,10,15,11,5,3,5,1,16,1,16,8,3,15,1
4.8,10,15,5,11,2,18,15,19,0,19,20,4,38,0
4.9,10,15,7,13,1,4,7,12,0,11,5,5,11,0
5.2,10,15,10,11,7,4,8,10,0,15,4,4,13,0
0.0,10,15,9,9,0,7,2,10,0,13,7,4,8,1
5.5,10,15,4,6,0,2,1,10,0,9,6,3,5,1
5.4,10,15,3,8,1,4,5,5,0,8,5,7,14,0
4.9,10,15,0,0,2,0,6,2,0,1,0,3,5,1
5.5,10,15,11,10,4,6,7,10,0,19,11,6,18,1
4.5,10,15,1,4,0,2,7,5,1,4,3,1,16,0
11.5,45,85,7,60,85,7,99,49,0,68,7,48,110,0
10.0,45,85,25,52,39,51,76,184,0,165,43,32,48,0
12.0,45,85,9,75,89,11,124,11,2,27,11,27,170,0
10.0,45,85,8,59,49,25,127,68,0,93,31,9,121,0
11.75,45,85,10,43,34,58,142,36,0,39,61,8,118,0
10.0,45,85,11,65,49,29,98,59,0,88,36,11,83,0
10.5,45,85,18,45,33,37,96,63,0,81,32,7,70,0
11.5,45,85,4,30,26,4,34,14,0,38,9,12,30,1
4.9,10,20,14,24,6,6,21,45,0,45,21,17,18,1
5.2,10,20,6,15,4,11,25,41,0,56,18,14,30,0
5.6,10,20,6,22,7,9,7,38,1,46,19,23,27,0
5.0,10,20,17,33,1,27,34,69,3,75,42,34,52,0
10.0,10,20,17,48,36,15,72,66,0,96,23,14,22,0
5.5,10,20,15,28,4,18,31,65,0,68,24,34,23,1
4.8,10,20,16,32,11,19,25,54,4,68,31,30,48,0
5.0,10,20,18,13,4,17,27,73,0,77,28,23,24,0
6.6,10,20,16,52,18,27,18,70,0,83,45,38,36,1
9.0,10,20,31,30,30,10,82,93,0,96,57,79,35,0
4.5,10,20,22,41,1,16,31,62,2,61,20,16,41,0
4.8,10,20,23,18,2,20,14,117,3,69,25,28,19,0
5.0,10,20,24,43,7,28,28,94,4,98,56,76,38,0
5.0,10,20,19,40,5,19,32,76,3,83,32,40,79,0
4.8,10,20,23,29,4,17,12,46,1,52,29,14,36,0
4.5,10,20,11,25,7,9,16,26,3,31,30,30,21,0
4.4,10,20,14,35,5,25,32,69,0,97,40,27,44,0
5.2,10,20,14,30,8,23,52,82,0,97,41,22,69,0
8.0,10,20,22,50,18,25,58,157,3,116,55,67,64,1
4.8,10,20,19,23,5,23,28,40,0,49,33,17,47,0
4.8,10,20,26,47,13,32,40,67,1,75,74,49,77,0
4.5,10,20,19,38,14,19,31,66,0,64,48,37,43,0
4.5,10,20,21,32,14,15,25,71,0,78,33,38,77,0
7.75,5,30,22,38,9,5,26,123,3,72,20,7,9,1
10.0,5,30,31,28,13,10,51,109,0,97,9,9,16,1
7.5,5,30,42,29,7,10,53,138,4,79,20,1,20,1
6.0,5,30,28,21,15,10,40,171,0,77,15,3,14,1
8.0,5,30,33,23,9,7,98,139,0,108,10,13,12,1
11.0,5,30,24,36,32,6,75,104,0,83,4,11,41,1
7.0,5,30,49,28,7,2,115,154,3,110,11,9,30,1
7.0,5,30,20,27,3,6,46,132,0,85,5,10,11,1
6.66,5,30,20,25,10,2,32,149,1,69,3,16,20,1
6.5,5,30,37,22,2,5,90,135,0,102,11,0,4,1
11.4,5,30,43,32,23,2,136,187,1,115,13,20,19,0
8.0,5,30,52,46,14,9,107,199,0,129,16,16,26,1
10.1,5,30,46,28,16,5,106,168,3,106,13,8,40,1
10.2,5,30,33,38,49,10,93,177,2,113,23,11,27,1
7.5,5,30,29,59,13,34,54,139,0,59,12,35,55,0
6.5,5,30,23,27,5,8,87,100,5,123,10,2,16,0
12.3,5,30,46,63,61,11,78,173,1,83,14,31,60,1
6.7,35,50,7,50,24,51,83,27,2,50,48,39,100,0
6.9,35,50,6,31,26,9,68,7,0,20,8,53,82,0
7.9,35,50,3,48,37,31,36,9,0,12,40,80,54,0
7.1,35,50,7,36,23,14,50,15,0,13,27,42,66,0
7.0,35,50,12,82,35,66,104,34,1,57,78,25,144,0
6.0,35,50,12,29,20,26,49,11,0,13,47,30,85,0
8.3,35,50,8,37,23,16,67,6,0,13,17,116,79,0
9.4,35,50,7,59,118,36,73,12,0,27,47,45,140,0
8.3,35,50,15,47,21,55,60,62,0,96,94,14,71,0
6.5,35,50,7,47,35,64,65,18,5,22,81,38,101,0
7.2,35,50,10,42,33,54,52,24,3,33,63,23,61,0
8.0,35,50,4,74,35,52,77,17,2,29,37,27,126,0
11.0,35,50,8,69,92,35,81,24,0,34,32,55,129,1
6.5,35,50,10,51,10,14,51,12,1,25,14,123,51,1
8.6,35,50,6,40,37,23,64,14,0,26,24,124,66,0
6.3,35,50,14,44,25,40,75,34,1,38,53,34,89,0
6.6,35,50,13,62,43,109,58,27,0,31,124,17,105,0
8.5,35,50,20,112,41,78,126,43,0,51,78,44,160,1
5.5,35,50,3,92,17,31,83,3,0,7,21,47,100,0
8.5,35,50,9,67,31,46,67,11,0,24,24,28,100,0
8.8,35,50,15,37,24,35,46,19,0,23,45,67,74,1
6.8,35,50,8,44,24,19,52,21,0,26,21,96,77,0
7.5,35,50,11,36,50,70,72,59,0,81,110,18,73,0
